"SKU","MasterProductID","Status","ProductName","Color","Cut","Material","Gender","BrandSegment","Pillar","MerchPlannerCategory","Collection","Sleeve","ProductType","SizeChart","SizeChartMessaging","Price","MasterPrice","SalePrice","MasterSalePrice","Description","ActualStartDate","TargetLaunchDate","InitialSeasonLaunch","LifeCycle","InitialPairsOrdered","NikeProductID","InstanceID","InspirationID","FOB","APS","MainColorHex","AccentColorHex","X Ref Style","Comments","CORE","dyoVersionProductID","dyoVersionInspirationID","Sizes"
"3T079","MP_147","Online","Chuck Taylor Slip (4-7 yr)","Navy","Slip","Canvas","Kids","All Star","Sneakers","Chuck Taylor- Semi Core Kids                   ","Semi-Core",,"regular","Kids-Youth","Runs a half-size large",,37,,0,,,,"11 Holiday","Runout",,,,,,,,,,"pending","N",,,"030,040,050"
"W40828","MP_2000","Online","1908 Premium- Medium","Black Wash",,"Canvas","Women",,"Accessories","Watches",,,"regular","Standard Size Chart",,,75,,0,,02/01/13,02/01/13,"13 Spring","Runout",12,,,,,,,,,,"N",,,"One Size"
"W40827","MP_2000","Online","1908 Premium- Medium","White Wash",,"Canvas","Women",,"Accessories","Watches",,,"regular","Standard Size Chart",,,75,,0,,02/01/13,02/01/13,"13 Spring","Runout",8,,,,,,,,,,"N",,,"One Size"
"SG40820","MP_2050","Online","Pedal","Neon Pink",,,"Women",,"Accessories","Sunglasses",,,"regular","Standard Size Chart",,,59,,0,,,03/01/13,"13 Spring","Runout",8,,,,,,,,,,"N",,,"One Size"
"SG40819","MP_2050","Online","Pedal","Black",,,"Women",,"Accessories","Sunglasses",,,"regular","Standard Size Chart",,,59,,0,,,03/01/13,"13 Spring","Runout",12,,,,,,,,,,"N",,,"One Size"
"R516W906","MP_2023","Online","Pembrook Skinny Denim","Treasure",,"Cotton & Spandex","Women",,"Apparel","Pants & Shorts",,,"regular","Standard Size Chart",,,78,,54.99,,08/09/11,08/09/11,"11 Fall","Runout",,,,,,,,,"R310W516",,"N",,,"S,M,L,XL"
"R513W076","MP_2023","Online","Pembrook Skinny Denim","Salsoul",,"Cotton & Spandex","Women",,"Apparel","Pants & Shorts",,,"regular","Standard Size Chart",,,78,,54.99,,08/09/11,08/09/11,"11 Fall","Runout",,,,,,,,,"R210W513",,"N",,,"S,M,L,XL"
"R513W005","MP_2023","Online","Pembrook Skinny Denim","Black Star",,"Cotton & Spandex","Women",,"Apparel","Pants & Shorts",,,"regular","Standard Size Chart",,,78,,54.99,,08/09/11,08/09/11,"11 Fall","Runout",,,,,,,,,"R410W513",,"N",,,"S,M,L,XL"
"R512W905","MP_2023","Online","Pembrook Skinny Denim","Suitor",,"Cotton & Spandex","Women",,"Apparel","Pants & Shorts",,,"regular","Standard Size Chart",,,78,,54.99,,08/09/11,08/09/11,"11 Fall","Runout",,,,,,,,,"R310W512",,"N",,,"S,M,L,XL"
"R502W071","FMPR502W071","Online","Copley Rocker Denim","Salsoul Destroyed",,"Cotton & Spandex","Women",,"Apparel","Pants & Shorts",,,"regular","Standard Size Chart",,,78,,0,,08/09/11,08/09/11,"11 Fall","Runout",,,,,,,,,"R210W502",,"N",,,"S,M,L,XL"
"R501W010","FMPR501W010","Online","Copley Rocker Denim","Garment Dyed",,"Cotton & Spandex","Women",,"Apparel","Pants & Shorts",,,"regular","Standard Size Chart",,,78,,0,,08/09/11,08/09/11,"11 Fall","Runout",,,,,,,,,"R111W501",,"N",,,"S,M,L,XL"
"R500W920","FMPR500W920","Online","Copley Rocker Denim","Surrealist",,"Cotton & Spandex","Women",,"Apparel","Pants & Shorts",,,"regular","Standard Size Chart",,,78,,0,,08/09/11,08/09/11,"11 Fall","Runout",,,,,,,,,"R111W500",,"N",,,"S,M,L,XL"
"R443W202","MP_1459","Online","Women's Allen Street Hoodie","Tapestry",,"100% Cotton","Women",,"Apparel","Hoodies",,,"regular","Standard Size Chart","Runs true to size",,78,45,54.99,"Playing Favorites. This garment dyed hoodie with tonal drawstrings and asymmetrical zipper plays well with others. 100% dense rugby jersey cotton. 100% Cotton. Made in China. Machine wash cold.",08/09/11,08/09/11,"11 Fall





11 


Fall","Runout",,,,,,,"1874CD",,,,"N",,,"S,M,L,XL"
"R220W202","MP_1459","Online","Women's Allen Street Hoodie","Stone Grey",,"100% Cotton","Women",,"Apparel","Hoodies",,,"regular","Standard Size Chart","Runs true to size",,78,,54.99,,,,"10 Fall","Runout",,,,,,,,,,"pending","N",,,"S,M,L,XL"
"R202W105","MP_1459","Online","Women's Allen Street Hoodie","Egret",,"100% Cotton","Women",,"Apparel","Hoodies",,,"regular","Standard Size Chart","Runs true to size",,78,55,54.99,"Playing Favorites. This garment dyed hoodie with tonal drawstrings and asymmetrical zipper plays well with others. 100% dense rugby jersey cotton. 100% Cotton. Made in China. Machine wash cold.",08/09/11,08/09/11,"11 Fall","Runout",,,,,,,"FFFFFF",,"R210W202",,"N",,,"S,M,L,XL"
"R002W202","MP_1459","Online","Women's Allen Street Hoodie","Phantom",,"100% Cotton","Women",,"Apparel","Hoodies",,,"regular","Standard Size Chart","Runs true to size",,78,,54.99,,,,"10 Fall","Runout",,,,,,,,,,"pending","N",,,"S,M,L,XL"
"P501W009","FMPR501W009","Online","Copley Rocker Seamed Denim","Transmission",,"Cotton & Spandex","Women",,"Apparel","Pants & Shorts",,,"regular","Standard Size Chart",,,78,,0,,08/09/11,08/09/11,"11 Fall","Runout",,,,,,,,,"P311W501",,"N",,,"S,M,L,XL"
"P039W823","MP_1238","Online","Women's Chuck Patch Scoop Tee","Hot Coral",,"100% Cotton","Women",,"Apparel","Tees",,,"regular","Standard Size Chart","Runs true to size",,25,,19.99,"Get the scoop. Keep a low profile with this lightweight, deep neck tee with the iconic Chuck patch across the chest. 100% cotton. Made in Peru. Machine wash cold Gentle cycle. Wash with like colors. Do not Bleach. Lay flat to Dry. Cool Iron if needed. Do not iron decorations.",08/03/12,07/24/12,"12 Fall","Runout",,,,,,,"FF6103",,"P311W039",,"N",,,"S,M,L,XL"
"P039W035","MP_1238","Online","Women's Chuck Patch Scoop Tee","Vintage Grey",,"100% Cotton","Women",,"Apparel","Tees",,,"regular","Standard Size Chart","Runs true to size",,34,,19.99,"Get the scoop. Keep a low profile with this lightweight, deep neck tee with the iconic Chuck patch across the chest. 100% cotton. Made in Peru. Machine wash cold Gentle cycle. Wash with like colors. Do not Bleach. Lay flat to Dry. Cool Iron if needed. Do not iron decorations.",08/23/12,07/24/12,"12 Fall","Runout",,,,,,,919191,,"P311W039",,"N",,,"S,M,L,XL"
"P039W001","MP_1238","Online","Women's Chuck Patch Scoop Tee","Jet Black",,"100% Cotton","Women",,"Apparel","Tees",,,"regular","Standard Size Chart","Runs true to size",,25,,19.99,"Get the scoop. Keep a low profile with this lightweight, deep neck tee with the iconic Chuck patch across the chest. 100% cotton. Made in Peru. Machine wash cold Gentle cycle. Wash with like colors. Do not Bleach. Lay flat to Dry. Cool Iron if needed. Do not iron decorations.",08/23/12,07/24/12,"12 Fall","Runout",,,,,,,0,,,,"N",,,"S,M,L,XL"
"P023W655","MP_1432","Online","Converse Logo V-Neck Tee","Raspberry",,"100% Cotton","Women",,"Apparel","Tees",,,"regular","Standard Size Chart","Runs true to size",,28,,19.99,"Take the plunge. Move from understated to edgy in this lightweight V-neck made with distressed screen-print of Converse star logo. Cotton/polyester blend. Made in Guatemala.  Machine wash cold Gentle cycle. Wash with like colors. Do not Bleach. Lay flat to Dry. Cool Iron if needed. Do not iron decorations.",08/07/12,07/24/12,"12 Fall","Runout",,,,,,,"FF6A6A",,"P311W023",,"N",,,"S,M,L,XL"
"P023W333","MP_1432","Online","Converse Logo V-Neck Tee","Parasailing Heather",,"100% Cotton","Women",,"Apparel","Tees",,,"regular","Standard Size Chart","Runs true to size",,28,,19.99,"Take the plunge. Move from understated to edgy in this lightweight V-neck made with distressed screen-print of Converse star logo. Cotton/polyester blend. Made in Guatemala.  Machine wash cold Gentle cycle. Wash with like colors. Do not Bleach. Lay flat to Dry. Cool Iron if needed. Do not iron decorations.",08/03/12,07/24/12,"12 Fall","Runout",,,,,,,"00C78C",,"P311W023",,"N",,,"S,M,L,XL"
"P023W100","MP_1432","Online","Converse Logo V-Neck Tee","Bright White",,"100% Cotton","Women",,"Apparel","Tees",,,"regular","Standard Size Chart","Runs true to size",,25,,19.99,"Take the plunge. Move from understated to edgy in this lightweight V-neck made with distressed screen-print of Converse star logo. Cotton/polyester blend. Made in Guatemala.  Machine wash cold Gentle cycle. Wash with like colors. Do not Bleach. Lay flat to Dry. Cool Iron if needed. Do not iron decorations.",08/09/11,08/09/11,"11 Fall","Runout",,,,,,,"FFFFFF",,"P311W023",,"N",,,"S,M,L,XL"
"P023W001","MP_1432","Online","Converse Logo V-Neck Tee","Jet Black",,"100% Cotton","Women",,"Apparel","Tees",,,"regular","Standard Size Chart","Runs true to size",,25,,19.99,"Take the plunge. Move from understated to edgy in this lightweight V-neck made with distressed screen-print of Converse star logo. Cotton/polyester blend. Made in Guatemala.  Machine wash cold Gentle cycle. Wash with like colors. Do not Bleach. Lay flat to Dry. Cool Iron if needed. Do not iron decorations.",08/09/11,08/09/11,"11 Fall","Runout",,,,,,,0,,"P311W023",,"N",,,"S,M,L,XL"
"B002M401","MP_1836","Online","Men's Chambray Workwear Shirt","Phantom",,"Cotton","Women",,"Apparel","Shirts",,,"regular","Standard Size Chart","Runs true to size",,58,,0,"Work it. Long sleeve heavy gauge cotton long sleeve shirt with double breast pockets. 100% Cotton. Made in China. Machine wash cold.",11/15/12,11/01/12,"12 Holiday","Runout",,,,,,,737373,,"B311M401",,"N",,,"S,M,L,XL"
"5781648C","FMP5781648C","Offline","Women's  Core Chuck Patch Hoodie","Burgundy",,,"Women",,"Apparel","Tees",,,"regular","Standard Size Chart",,,58,,19.99,,,11/01/13,"13 Holiday","Runout",70,,,,,,,,"05781C","pending","N",,,"S,M,L,XL"
"5781642C","FMP5781642C","Offline","Women's  Core Chuck Patch Hoodie","Varsity Red",,,"Women",,"Apparel","Tees",,,"regular","Standard Size Chart",,,58,,19.99,,,11/01/13,"13 Holiday","Runout",70,,,,,,,,"05781C","pending","N",,,"S,M,L,XL"
"5781132C","FMP5781132C","Offline","Women's  Core Chuck Patch Hoodie","Parchment",,,"Women",,"Apparel","Tees",,,"regular","Standard Size Chart",,,58,,19.99,,,07/01/13,"13 Fall","Runout",28,,,,,,,,"05781C","pending","N",,,"S,M,L,XL"
"5781132C","FMP5781132C","Offline","Women's  Core Chuck Patch Hoodie","Parchment",,,"Women",,"Apparel","Tees",,,"regular","Standard Size Chart",,,58,,19.99,,,07/01/13,"13 Fall","Runout",28,,,,,,,,"05781C","pending","N",,,"S,M,L,XL"
"5781035C","FMP5781035C","Offline","Women's Core Chuck Patch Hoodie","Vintage Grey",,,"Women",,"Apparel","Tees",,,"regular","Standard Size Chart",,,58,,19.99,,,07/01/13,"13 Fall","Runout",47,,,,,,,,"05781C","pending","N",,,"S,M,L,XL"
"5781035C","FMP5781035C","Offline","Women's Core Chuck Patch Hoodie","Vintage Grey",,,"Women",,"Apparel","Tees",,,"regular","Standard Size Chart",,,58,,19.99,,,07/01/13,"13 Fall","Runout",47,,,,,,,,"05781C","pending","N",,,"S,M,L,XL"
"5781001C","FMP5781001C","Offline","Women's Core Chuck Patch Hoodie","Jet Black",,,"Women",,"Apparel","Tees",,,"regular","Standard Size Chart",,,58,,19.99,,,07/01/13,"13 Fall","Runout",53,,,,,,,,"05781C","pending","N",,,"S,M,L,XL"
"5677339C","FMP5677339C","Online","Greed Skulls Scoop Tee","Sharp Green",,"100% Cotton","Women",,"Apparel","Tees",,,"regular","Standard Size Chart",,,25,,19.99,,02/01/13,02/01/13,"13 Spring","Runout",,,,,,,,,"05677C",,"N",,,"S,M,L,XL"
"5675100C","FMP5675100C","Online","Light Bolt Scoop Tee","Bright White",,"100% Cotton","Women",,"Apparel","Tees",,,"regular","Standard Size Chart",,,25,,19.99,,03/20/13,03/01/13,"13 Spring","Runout",,,,,,,,,"05675C",,"N",,,"S,M,L,XL"
"5674001C","FMP5674001C","Online","Women's 3D Skulls Scoop Tee","Black",,"100% Cotton","Women",,"Apparel","Tees",,,"regular","Standard Size Chart",,,25,,19.99,,02/01/13,02/01/13,"13 Spring","Runout",,,,,,,,,"05674C",,"N",,,"S,M,L,XL"
"5673100C","FMP5673100C","Online","Zig Zag V-Neck Tee","Bright White",,"100% Cotton","Women",,"Apparel","Tees",,,"regular","Standard Size Chart",,,25,,0,,02/01/13,01/01/13,"13 Spring","Runout",,,,,,,,,"05673C",,"N",,,"S,M,L,XL"
"5670674C","FMP5670674C","Online","Stripe Star Scoop Tee","Hibiscus",,"100% Cotton","Women",,"Apparel","Tees",,,"regular","Standard Size Chart",,,25,,0,,03/22/13,03/01/13,"13 Spring","Runout",,,,,,,,,"05670C",,"N",,,"S,M,L,XL"
"5668548C","FMP5668548C","Online","Stamp V-Neck Tee","Chalk Violet",,"100% Cotton","Women",,"Apparel","Tees",,,"regular","Standard Size Chart",,,25,,19.99,,01/23/13,01/01/13,"13 Spring","Runout",,,,,,,,,"05668C",,"N",,,"S,M,L,XL"
"5667339C","FMP5667339C","Online","Love Haight Scoop Tee","Sharp Green",,"100% Cotton","Women",,"Apparel","Tees",,,"regular","Standard Size Chart",,,25,,19.99,,,03/01/13,"13 Spring","Runout",,,,,,,,,"05667C",,"N",,,"S,M,L,XL"
"5665024C","FMP5665024C","Online","Heritage Scoop Tee","Charcoal",,"100% Cotton","Women",,"Apparel","Tees",,,"regular","Standard Size Chart",,,25,,19.99,,02/01/13,02/01/13,"13 Spring","Runout",,,,,,,,,"05665C",,"N",,,"S,M,L,XL"
"5663674C","MP_1852","Online","Drippy Converse Scoop Tee","Hibiscus",,"100% Cotton","Women",,"Apparel","Tees",,,"regular","Standard Size Chart","Runs true to size",,25,,0,"Get the scoop. Keep a low profile with this lightweight, deep neck tee with the iconic Chuck patch across the chest. 100% cotton. Made in Peru. Machine wash cold Gentle cycle. Wash with like colors. Do not Bleach. Lay flat to Dry. Cool Iron if needed. Do not iron decorations.",01/14/13,01/01/13,"13 Spring","Runout",,,,,,,"FF6A6A",,"05663C",,"N",,,"S,M,L,XL"
"5663664C","MP_1852","Online","Drippy Scoop Tee","Chuck Pink",,"100% Cotton","Women",,"Apparel","Tees",,,"regular","Standard Size Chart",,,25,,0,,,04/01/13,"13 Summer","Runout",30,,,,,,,,,,"N",,,"S,M,L,XL"
"5663339C","MP_1852","Online","Drippy Converse Scoop Tee","Sharp Green",,"100% Cotton","Women",,"Apparel","Tees",,,"regular","Standard Size Chart","Runs true to size",,25,,0,"Get the scoop. Keep a low profile with this lightweight, deep neck tee with the iconic Chuck patch across the chest. 100% cotton. Made in Peru. Machine wash cold Gentle cycle. Wash with like colors. Do not Bleach. Lay flat to Dry. Cool Iron if needed. Do not iron decorations.",01/14/13,01/01/13,"13 Spring","Runout",,,,,,,"CAFF70",,"05663C",,"N",,,"S,M,L,XL"
"5663100C","MP_1852","Online","Drippy Converse Scoop Tee","Bright White",,"100% Cotton","Women",,"Apparel","Tees",,,"regular","Standard Size Chart","Runs true to size",,25,,0,"Get the scoop. Keep a low profile with this lightweight, deep neck tee with the iconic Chuck patch across the chest. 100% cotton. Made in Peru. Machine wash cold Gentle cycle. Wash with like colors. Do not Bleach. Lay flat to Dry. Cool Iron if needed. Do not iron decorations.",01/14/13,01/01/13,"13 Spring","Runout",,,,,,,"FFFFFF",0,"05663C",,"N",,,"S,M,L,XL"
"5663024C","MP_1852","Online","Drippy Scoop Tee","Charcoal",,"100% Cotton","Women",,"Apparel","Tees",,,"regular","Standard Size Chart",,,25,,0,,,04/01/13,"13 Summer","Runout",32,,,,,,,,,,"N",,,"S,M,L,XL"
"5663001C","MP_1852","Online","Drippy Converse Scoop Tee","Jet Black",,"100% Cotton","Women",,"Apparel","Tees",,,"regular","Standard Size Chart","Runs true to size",,25,,0,"Get the scoop. Keep a low profile with this lightweight, deep neck tee with the iconic Chuck patch across the chest. 100% cotton. Made in Peru. Machine wash cold Gentle cycle. Wash with like colors. Do not Bleach. Lay flat to Dry. Cool Iron if needed. Do not iron decorations.",01/14/13,01/01/13,"13 Spring","Runout",,,,,,,0,,"05663C",,"N",,,"S,M,L,XL"
"5662656C","MP_1853","Online","Women's Chuck Patch V Neck Tee","Beaujolais",,"100% Cotton","Women",,"Apparel","Tees",,,"regular","Standard Size Chart",,,25,,0,,,04/01/13,"13 Summer","Runout",30,,,,,,,,,,"N",,,"S,M,L,XL"
"5662548C","MP_1853","Online","Women's Chuck Patch V Neck Tee","Chalk Violet",,"100% Cotton","Women",,"Apparel","Tees",,,"regular","Standard Size Chart","Runs true to size",,25,,0,"Take the plunge. Keep a low profile with this lightweight, deep neck tee with the iconic Chuck patch across the chest. 100% cotton.Made in Peru. Machine wash cold Gentle cycle. Wash with like colors. Do not Bleach. Lay flat to Dry. Cool Iron if needed. Do not iron decorations.",01/13/13,01/01/13,"13 Spring","Runout",,,,,,,"D8BFD8",,"05662C",,"N",,,"S,M,L,XL"
"5662035C","MP_1853","Online","Women's Chuck Patch V Neck Tee","Vintage Grey Heather",,"100% Cotton","Women",,"Apparel","Tees",,,"regular","Standard Size Chart","Runs true to size",,25,,0,"Take the plunge. Keep a low profile with this lightweight, deep neck tee with the iconic Chuck patch across the chest. 100% cotton.Made in Peru. Machine wash cold Gentle cycle. Wash with like colors. Do not Bleach. Lay flat to Dry. Cool Iron if needed. Do not iron decorations.",01/14/13,01/01/13,"13 Spring","Runout",,,,,,,"B0B0B0",,"05662C",,"N",,,"S,M,L,XL"
"5662002C","MP_1853","Online","Women's Chuck Patch V Neck Tee","Phantom",,"100% Cotton","Women",,"Apparel","Tees",,,"regular","Standard Size Chart","Runs true to size",,25,,0,"Take the plunge. Keep a low profile with this lightweight, deep neck tee with the iconic Chuck patch across the chest. 100% cotton.Made in Peru. Machine wash cold Gentle cycle. Wash with like colors. Do not Bleach. Lay flat to Dry. Cool Iron if needed. Do not iron decorations.",01/14/13,01/01/13,"13 Spring","Runout",,,,,,,595959,,"05662C",,"N",,,"S,M,L,XL"
"5662001C","MP_1853","Online","Women's Chuck Patch V Neck Tee","Black",,"100% Cotton","Women",,"Apparel","Tees",,,"regular","Standard Size Chart",,,25,,0,,,04/01/13,"13 Summer","Runout",46,,,,,,,,,,"N",,,"S,M,L,XL"
"5661100C","MP_1853","Online","Women's Chuck Patch V Neck Tee","Bright White",,"100% Cotton","Women",,"Apparel","Tees",,,"regular","Standard Size Chart","Runs true to size",,25,,0,"Take the plunge. Keep a low profile with this lightweight, deep neck tee with the iconic Chuck patch across the chest. 100% cotton.Made in Peru. Machine wash cold Gentle cycle. Wash with like colors. Do not Bleach. Lay flat to Dry. Cool Iron if needed. Do not iron decorations.",01/13/13,01/01/13,"13 Spring","Runout",,,,,,,"FFFFFF",,"05662C",,"N",,,"S,M,L,XL"
"540786C",,"Online","Women_s Graphic Editions","Your Choice","Hi","Canvas","Women","CREATE","Sneakers","Converse Create Chuck Taylor?",,,"dyo","Womens Size Chart","Runs true to size",75,,75,0,,,,,"Runout",,"chuTayHiCanWom1302_Digital",31998,777777777,,,,,,"pending","N",,,
"540433C","FMP540433C","Offline","Chuck Taylor All Star","Old Gold","XX-Hi","Canvas","Women","All Star","Sneakers","Chuck Taylor - Iterations","Extended Height",,"regular","Womens Size Chart","Runs true to size",,80,,0,,,06/01/13,"13 Fall","Runout",123,,,,,,,,,"pending","N",,,"030,040,050"
"540428C","FMP540428C","Offline","Jack Purcell Jane","Burgundy","Low","Textile","Women","Jack Purcell","Sneakers","Jack Purcell","Jane",,"regular","Womens Size Chart","Runs true to size",,70,,0,,,11/01/13,"13 Holiday","Runout",87,,,,,,,,,"pending","N",,,"030,040,050"
"540427C","FMP540427C","Offline","Jack Purcell Jane","Black/Gold","Low","Textile","Women","Jack Purcell","Sneakers","Jack Purcell","Jane",,"regular","Womens Size Chart","Runs true to size",,70,,0,,,11/01/13,"13 Holiday","Runout",102,,,,,,,,,"pending","N",,,"030,040,050"
"540425C","FMP540425C","Offline","Jack Purcell Jane","Black Mono","Low","Textile","Women","Jack Purcell","Sneakers","Jack Purcell","Jane",,"regular","Womens Size Chart","Runs true to size",,70,,0,,,11/01/13,"13 Holiday","Runout",116,,,,,,,,,"pending","N",,,"030,040,050"
"540421F","FMP540421F","Offline","Chuck Taylor All Star Side Zip","Black","Hi","Cotton","Women","All Star","Sneakers","Chuck Taylor- Seasonal","Heart Print",,"regular","Kids - Toddler","Runs a half-size large",,65,,0,,,06/01/13,"13 Fall","Runout",246,,,,,,,,,"pending","N",,,"030,040,050"
"540408F","FMP540408F","Offline","Chuck Taylor All Star Shoreline","White","Slip","Canvas","Women","All Star","Sneakers","Chuck Taylor - Iterations","Shoreline",,"regular","Womens Size Chart","Runs true to size",,50,,0,,,06/01/13,"13 Fall","Runout",280,,,,,,,,,"pending","N",,,"030,040,050"
"540407F","FMP540407F","Offline","Chuck Taylor All Star Shoreline","Black","Slip","Canvas","Women","All Star","Sneakers","Chuck Taylor - Iterations","Shoreline",,"regular","Womens Size Chart","Runs true to size",,50,,0,,,06/01/13,"13 Fall","Runout",360,,,,,,,,,"pending","N",,,"030,040,050"
"540389F","MP_2086","Offline","Chuck Taylor Snow Leopard","Black","Low","Textile","Women","All Star","Sneakers","Chuck Taylor- Seasonal                      ","Snow Leopard",,"regular","Womens Size Chart","Runs true to size",,55,,0,,,11/01/13,"13 Holiday","Runout",554,,,,,,,,,"pending","N",,,"030,040,050"
"540388F","MP_2086","Offline","Chuck Taylor Snow Leopard","White","Low","Textile","Women","All Star","Sneakers","Chuck Taylor- Seasonal                      ","Snow Leopard",,"regular","Womens Size Chart","Runs true to size",,55,,0,,,11/01/13,"13 Holiday","Runout",468,,,,,,,,,"pending","N",,,"030,040,050"
"540377F","FMP540377F","Offline","Chuck Taylor All Star Double Tongue","Black","Low","Canvas","Women","All Star","Sneakers","Chuck Taylor- Seasonal","Heart Print",,"regular","Womens Size Chart","Runs true to size",,50,,0,,,06/01/13,"13 Fall","Runout",308,,,,,,,,,"pending","N",,,"030,040,050"
"540376C","FMP540376C","Offline","Chuck Taylor Leather Side Zip","Pinecone","Hi","Leather","Women","All Star","Sneakers","Chuck Taylor - Iterations","Rock Craftmanship",,"regular","Womens Size Chart","Runs true to size",,80,,0,,,10/01/13,"13 Holiday","Runout",295,,,,,,,,,"pending","N",,,"030,040,050"
"540375C","FMP540375C","Offline","Chuck Taylor Leather Side Zip","Black","Hi","Leather","Women","All Star","Sneakers","Chuck Taylor - Iterations","Rock Craftmanship",,"regular","Womens Size Chart","Runs true to size",,80,,0,,,10/01/13,"13 Holiday","Runout",431,,,,,,,,,"pending","N",,,"030,040,050"
"540367C","MP_2038","Offline","Chuck Taylor All Star Collar Studs","Egret","Hi","Canvas","Women","All Star","Sneakers","Chuck Taylor- Seasonal","Collar Studs",,"regular","Womens Size Chart","Runs true to size",,75,,0,,,07/01/13,"13 Fall","Runout",710,,,,,,,,,"pending","N",,,"030,040,050"
"540366C","MP_2038","Offline","Chuck Taylor All Star Collar Studs","Black","Hi","Canvas","Women","All Star","Sneakers","Chuck Taylor- Seasonal","Collar Studs",,"regular","Womens Size Chart","Runs true to size",,75,,0,,,07/01/13,"13 Fall","Runout",774,,,,,,,,,"pending","N",,,"030,040,050"
"540365C","FMP540365C","Offline","Chuck Taylor All Star Platform Zip","Egret","Hi","Canvas","Women","All Star","Sneakers","Chuck Taylor - Iterations","Platform",,"regular","Womens Size Chart","Runs true to size",,85,,0,,,07/01/13,"13 Fall","Runout",258,,,,,,,,,"pending","N",,,"030,040,050"
"540364C","FMP540364C","Offline","Chuck Taylor All Star Platform Zip","Black","Hi","Canvas","Women","All Star","Sneakers","Chuck Taylor - Iterations","Platform",,"regular","Womens Size Chart","Runs true to size",,85,,0,,,07/01/13,"13 Fall","Runout",323,,,,,,,,,"pending","N",,,"030,040,050"
"540363F","FMP540363F","Offline","Chuck Taylor Double Tongue","Grey","Low","Canvas","Women","All Star","Sneakers","Chuck Taylor - Iterations","Washed Neon",,"regular","Womens Size Chart","Runs true to size",,50,,0,,,12/01/13,"13 Holiday","Runout",514,,,,,,,,,"pending","N",,,"030,040,050"
"540362C","FMP540362C","Offline","Chuck Taylor Metallic Two Fold","Charcoal Grey ","Hi","Canvas","Women","All Star","Sneakers","Chuck Taylor - Iterations","Metallic",,"regular","Womens Size Chart","Runs true to size",,65,,0,,,07/01/13,"13 Fall","Runout",387,,,,,,,,,"pending","N",,,"030,040,050"
"540342C","FMP540342C","Offline","Jack Purcell Jane","Egret","Low","Cotton","Women","JACK PURCELL","Sneakers","Jack Purcell?","Polka Dot",,"regular","Womens Size Chart","Runs true to size",,65,,0,,,07/01/13,"13 Fall","Runout",90,,,,,,,,,"pending","N",,,"030,040,050"
"540341C","FMP540341C","Offline","Jack Purcell Jane","Navy","Low","Cotton","Women","JACK PURCELL","Sneakers","Jack Purcell?","Polka Dot",,"regular","Womens Size Chart","Runs true to size",,65,,0,,,07/01/13,"13 Fall","Runout",90,,,,,,,,,"pending","N",,,"030,040,050"
"540340F","MP_2060","Offline","Chuck Taylor Wool","Blue","Low","Textile","Women","All Star","Sneakers","Chuck Taylor- Seasonal                      ","Wool",,"regular","Womens Size Chart","Runs true to size",,60,,0,,,10/01/13,"13 Holiday","Runout",554,,,,,,,,,"pending","N",,,"030,040,050"
"540339F","MP_2060","Offline","Chuck Taylor Wool","Black","Low","Textile","Women","All Star","Sneakers","Chuck Taylor- Seasonal                      ","Wool",,"regular","Womens Size Chart","Runs true to size",,60,,0,,,10/01/13,"13 Holiday","Runout",628,,,,,,,,,"pending","N",,,"030,040,050"
"540330F","FMP540330F","Offline","Chuck Taylor Wool","Whitecap","Hi","Textile","Women","All Star","Sneakers","Chuck Taylor- Seasonal                      ","Wool",,"regular","Womens Size Chart","Runs true to size",,65,,0,,,10/01/13,"13 Holiday","Runout",382,,,,,,,,,"pending","N",,,"030,040,050"
"540319C","FMP540319C","Offline","Chuck Taylor Foil Polka Dots","White","Low","Suede","Women","All Star","Sneakers","Chuck Taylor - Iterations","Polka Dots",,"regular","Womens Size Chart","Runs true to size",,65,,0,,,11/01/13,"13 Holiday","Runout",492,,,,,,,,,"pending","N",,,"030,040,050"
"540317C","MP_2081","Offline","Chuck Taylor Foil Polka Dots","Grey","Hi","Suede","Women","All Star","Sneakers","Chuck Taylor- Seasonal                      ","Polka Dots",,"regular","Womens Size Chart","Runs true to size",,70,,0,,,11/01/13,"13 Holiday","Runout",591,,,,,,,,,"pending","N",,,"030,040,050"
"540316C","MP_2081","Offline","Chuck Taylor Foil Polka Dots","Black","Hi","Suede","Women","All Star","Sneakers","Chuck Taylor- Seasonal                      ","Polka Dots",,"regular","Womens Size Chart","Runs true to size",,70,,0,,,11/01/13,"13 Holiday","Runout",566,,,,,,,,,"pending","N",,,"030,040,050"
"540315F","FMP540315F","Offline","Chuck Taylor All Star","White","Low","Cotton","Women","All Star","Sneakers","Chuck Taylor- Seasonal","Heart Print",,"regular","Womens Size Chart","Runs true to size",,55,,0,,,06/01/13,"13 Fall","Runout",431,,,,,,,,,"pending","N",,,"030,040,050"
"540314F","FMP540314F","Offline","Chuck Taylor All Star","Black","Low","Cotton","Women","All Star","Sneakers","Chuck Taylor- Seasonal","Heart Print",,"regular","Womens Size Chart","Runs true to size",,55,,0,,,06/01/13,"13 Fall","Runout",369,,,,,,,,,"pending","N",,,"030,040,050"
"540311C","FMP540311C","Offline","Chuck Taylor Wool Dainty","Brown","Low","Suede","Women","All Star","Sneakers","Chuck  Taylor- Extensions","Dainty",,"regular","Womens Size Chart","Runs true to size",,65,,0,,,10/01/13,"13 Holiday","Runout",135,,,,,,,,,"pending","N",,,"030,040,050"
"540310C","FMP540310C","Offline","Chuck Taylor Wool Dainty","Black","Low","Suede","Women","All Star","Sneakers","Chuck  Taylor- Extensions","Dainty",,"regular","Womens Size Chart","Runs true to size",,65,,0,,,10/01/13,"13 Holiday","Runout",172,,,,,,,,,"pending","N",,,"030,040,050"
"540298C","FMP540298C","Offline","Chuck Taylor Hi-Ness","Pinecone","X-Hi","Suede","Women","All Star","Sneakers","Chuck  Taylor- Extensions","Hi-Ness",,"regular","Womens Size Chart","Runs true to size",,75,,0,,,10/01/13,"13 Holiday","Runout",123,,,,,,,,,"pending","N",,,"030,040,050"
"540297C","FMP540297C","Offline","Chuck Taylor Hi-Ness","Black","X-Hi","Suede","Women","All Star","Sneakers","Chuck  Taylor- Extensions","Hi-Ness",,"regular","Womens Size Chart","Runs true to size",,75,,0,,,10/01/13,"13 Holiday","Runout",148,,,,,,,,,"pending","N",,,"030,040,050"
"540296C","FMP540296C","Offline","Chuck Taylor Elsie Rolldown X-Hi","Drizzle","X-Hi","Suede","Women","All Star","Sneakers","Chuck  Taylor- Extensions","Women's Boots",,"regular","Womens Size Chart","Runs true to size",,85,,0,,,10/01/13,"13 Holiday","Runout",148,,,,,,,,,"pending","N",,,"030,040,050"
"540295C","FMP540295C","Offline","Chuck Taylor Elsie Rolldown X-Hi","Pinecone","X-Hi","Suede","Women","All Star","Sneakers","Chuck  Taylor- Extensions","Women's Boots",,"regular","Womens Size Chart","Runs true to size",,85,,0,,,10/01/13,"13 Holiday","Runout",123,,,,,,,,,"pending","N",,,"030,040,050"
"540294C","FMP540294C","Offline","Chuck Taylor Elsie Rolldown X-Hi","Black","X-Hi","Suede","Women","All Star","Sneakers","Chuck  Taylor- Extensions","Women's Boots",,"regular","Womens Size Chart","Runs true to size",,85,,0,,,10/01/13,"13 Holiday","Runout",185,,,,,,,,,"pending","N",,,"030,040,050"
"540283F","FMP540283F","Offline","Chuck Taylor All Star","White/Black","Hi","Canvas","Women","All Star","Sneakers","Chuck Taylor- Seasonal","Animal Print",,"regular","Womens Size Chart","Runs true to size",,60,,0,,,06/01/13,"13 Fall","Runout",387,,,,,,,,,"pending","N",,,"030,040,050"
"540279F","MP_2046","Offline","Chuck Taylor All Star Two Fold","Black","Hi","Canvas","Women","All Star","Sneakers","Chuck Taylor - Iterations","Animal Print",,"regular","Womens Size Chart","Runs true to size",,65,,0,,,06/01/13,"13 Fall","Runout",323,,,,,,,,,"pending","N",,,"030,040,050"
"540278F","FMP540278F","Offline","Chuck Taylor All Star Double Tongue","Purple Cactus Flower","Low","Textile","Women","All Star","Sneakers","Chuck Taylor - Iterations","Animal Print",,"regular","Womens Size Chart","Runs true to size",,55,,0,,,06/01/13,"13 Fall","Runout",232,,,,,,,,,"pending","N",,,"030,040,050"
"540276F","FMP540276F","Offline","Chuck Taylor All Star Multi Tongue","Black","Low","Canvas","Women","All Star","Sneakers","Chuck Taylor - Iterations","Animal Print",,"regular","Womens Size Chart","Runs true to size",,60,,0,,,06/01/13,"13 Fall","Runout",258,,,,,,,,,"pending","N",,,"030,040,050"
"540275C","FMP540275C","Offline","Chuck Taylor All Star Bright","Black","Hi","Canvas","Women","All Star","Sneakers","Chuck Taylor- Seasonal","Bright",,"regular","Womens Size Chart","Runs true to size",,70,,0,,,06/01/13,"13 Fall","Runout",284,,,,,,,,,"pending","N",,,"030,040,050"
"540274C","FMP540274C","Offline","Chuck Taylor All Star Bright","Purple Cactus Flower","Low","Textile","Women","All Star","Sneakers","Chuck Taylor- Seasonal","Bright",,"regular","Womens Size Chart","Runs true to size",,65,,0,,,06/01/13,"13 Fall","Runout",129,,,,,,,,,"pending","N",,,"030,040,050"
"540273C","MP_2043","Offline","Chuck Taylor All Star Flashee","Gray Violet","Hi","Textile","Women","All Star","Sneakers","Chuck Taylor - Iterations","Animal Print",,"regular","Womens Size Chart","Runs true to size",,65,,0,,,06/01/13,"13 Fall","Runout",258,,,,,,,,,"pending","N",,,"030,040,050"
"540272C","MP_2043","Offline","Chuck Taylor All Star Flashee","Old Gold","Hi","Textile","Women","All Star","Sneakers","Chuck Taylor - Iterations","Animal Print",,"regular","Womens Size Chart","Runs true to size",,65,,0,,,06/01/13,"13 Fall","Runout",361,,,,,,,,,"pending","N",,,"030,040,050"
"540271C","FMP540271C","Offline","Chuck Taylor All Star Platform","Charcoal Gray","Low","Canvas","Women","All Star","Sneakers","Chuck Taylor - Iterations","Platform",,"regular","Womens Size Chart","Runs true to size",,65,,0,,,06/01/13,"13 Fall","Runout",284,,,,,,,,,"pending","N",,,"030,040,050"
"540268C","FMP540268C","Offline","Chuck Taylor All Star Platform","Black","Hi","Canvas","Women","All Star","Sneakers","Chuck Taylor - Iterations","Platform",,"regular","Womens Size Chart","Runs true to size",,70,,0,,,06/01/13,"13 Fall","Runout",232,,,,,,,,,"pending","N",,,"030,040,050"
"540261C","FMP540261C","Offline","Chuck Taylor All Star Platform","Black","Low","Canvas","Women","All Star","Sneakers","Chuck Taylor - Iterations","Platform",,"regular","Womens Size Chart","Runs true to size",,60,,0,,,06/01/13,"13 Fall","Runout",310,,,,,,,,,"pending","N",,,"030,040,050"
"540259C","FMP540259C","Offline","Chuck Taylor All Star Platform","Fiery Coral","Hi","Textile","Women","All Star","Sneakers","Chuck Taylor - Iterations","Platform",,"regular","Womens Size Chart","Runs true to size",,65,,0,,,06/01/13,"13 Fall","Runout",103,,,,,,,,,"pending","N",,,"030,040,050"
"540258C","FMP540258C","Offline","Chuck Taylor All Star Platform","Purple Cactus Flower","Hi","Textile","Women","All Star","Sneakers","Chuck Taylor - Iterations","Platform",,"regular","Womens Size Chart","Runs true to size",,65,,0,,,06/01/13,"13 Fall","Runout",129,,,,,,,,,"pending","N",,,"030,040,050"
"540256C","FMP540256C","Offline","Chuck Taylor All Star Platform","White","X-Hi","Canvas","Women","All Star","Sneakers","Chuck Taylor - Iterations","Platform",,"regular","Womens Size Chart","Runs true to size",,75,,0,,,06/01/13,"13 Fall","Runout",155,,,,,,,,,"pending","N",,,"030,040,050"
"540252F","FMP540252F","Offline","Chuck Taylor Sparkle","Purple","Low","Textile","Women","All Star","Sneakers","Chuck Taylor- Seasonal                      ","Sparkle",,"regular","Womens Size Chart","Runs true to size",,55,,0,,,11/01/13,"13 Holiday","Runout",468,,,,,,,,,"pending","N",,,"030,040,050"
"540250F","MP_2061","Offline","Chuck Taylor Washed Neon","Green","Hi","Textile","Women","All Star","Sneakers","Chuck Taylor- Seasonal                      ","Washed Neon",,"regular","Womens Size Chart","Runs true to size",,55,,0,,,12/01/13,"13 Holiday","Runout",320,,,,,,,,,"pending","N",,,"030,040,050"
"540249F","MP_2061","Offline","Chuck Taylor Washed Neon","Orange","Hi","Textile","Women","All Star","Sneakers","Chuck Taylor- Seasonal                      ","Washed Neon",,"regular","Womens Size Chart","Runs true to size",,55,,0,,,12/01/13,"13 Holiday","Runout",343,,,,,,,,,"pending","N",,,"030,040,050"
"540248F","MP_2061","Offline","Chuck Taylor Washed Neon","Purple","Hi","Textile","Women","All Star","Sneakers","Chuck Taylor- Seasonal                      ","Washed Neon",,"regular","Womens Size Chart","Runs true to size",,55,,0,,,12/01/13,"13 Holiday","Runout",629,,,,,,,,,"pending","N",,,"030,040,050"
"540247F","MP_2061","Offline","Chuck Taylor Washed Neon","Blue","Hi","Canvas","Women","All Star","Sneakers","Chuck Taylor- Seasonal                      ","Washed Neon",,"regular","Womens Size Chart","Runs true to size",,55,,0,,,12/01/13,"13 Holiday","Runout",571,,,,,,,,,"pending","N",,,"030,040,050"
"540246F","MP_2062","Offline","Chuck Taylor Washed Neon","Purple","Low","Textile","Women","All Star","Sneakers","Chuck Taylor- Seasonal                      ","Washed Neon",,"regular","Womens Size Chart","Runs true to size",,50,,0,,,12/01/13,"13 Holiday","Runout",663,,,,,,,,,"pending","N",,,"030,040,050"
"540245F","MP_2062","Offline","Chuck Taylor Washed Neon","Blue","Low","Textile","Women","All Star","Sneakers","Chuck Taylor- Seasonal                      ","Washed Neon",,"regular","Womens Size Chart","Runs true to size",,50,,0,,,12/01/13,"13 Holiday","Runout",629,,,,,,,,,"pending","N",,,"030,040,050"
"540244F","MP_2062","Offline","Chuck Taylor Washed Neon","Green","Low","Textile","Women","All Star","Sneakers","Chuck Taylor- Seasonal                      ","Washed Neon",,"regular","Womens Size Chart","Runs true to size",,50,,0,,,12/01/13,"13 Holiday","Runout",343,,,,,,,,,"pending","N",,,"030,040,050"
"540243F","MP_2062","Offline","Chuck Taylor Washed Neon","Orange","Low","Textile","Women","All Star","Sneakers","Chuck Taylor- Seasonal                      ","Washed Neon",,"regular","Womens Size Chart","Runs true to size",,50,,0,,,12/01/13,"13 Holiday","Runout",400,,,,,,,,,"pending","N",,,"030,040,050"
"540239F","FMP540239F","Offline","Chuck Taylor Multi Tongue","Grey","Low","Canvas","Women","All Star","Sneakers","Chuck Taylor - Iterations","Washed Neon",,"regular","Womens Size Chart","Runs true to size",,55,,0,,,12/01/13,"13 Holiday","Runout",286,,,,,,,,,"pending","N",,,"030,040,050"
"540232C","FMP540232C","Offline","Chuck Taylor PU Rhinestone","Black Mono","Low","Canvas","Women","All Star","Sneakers","Chuck Taylor- Seasonal","Rock Craftmanship",,"regular","Womens Size Chart","Runs true to size",,80,,0,,,11/01/13,"13 Holiday","Runout",185,,,,,,,,,"pending","N",,,"030,040,050"
"540231C","MP_2082","Offline","Chuck Taylor PU Rhinestone","White","Hi","Canvas","Women","All Star","Sneakers","Chuck Taylor- Seasonal","Rock Craftmanship",,"regular","Womens Size Chart","Runs true to size",,85,,0,,,11/01/13,"13 Holiday","Runout",123,,,,,,,,,"pending","N",,,"030,040,050"
"540230C","MP_2082","Offline","Chuck Taylor PU Rhinestone","Black","Hi","Canvas","Women","All Star","Sneakers","Chuck Taylor- Seasonal","Rock Craftmanship",,"regular","Womens Size Chart","Runs true to size",,85,,0,,,11/01/13,"13 Holiday","Runout",222,,,,,,,,,"pending","N",,,"030,040,050"
"540228F","FMP540228F","Offline","Chuck Taylor Metallic ","Grey/Phantom","Low","Textile","Women","All Star","Sneakers","Chuck Taylor - Iterations","Chuck Taylor Hardware",,"regular","Womens Size Chart","Runs true to size",,60,,0,,,07/01/13,"13 Fall","Runout",516,,,,,,,,,"pending","N",,,"030,040,050"
"540226F","MP_2084","Offline","Chuck Taylor Skulls","Purple","Low","Canvas","Women","All Star","Sneakers","Chuck Taylor- Seasonal                      ","Rock Craftmanship",,"regular","Womens Size Chart","Runs true to size",,55,,0,,,11/01/13,"13 Holiday","Runout",345,,,,,,,,,"pending","N",,,"030,040,050"
"540225F","MP_2084","Offline","Chuck Taylor Skulls","Black","Low","Canvas","Women","All Star","Sneakers","Chuck Taylor- Seasonal                      ","Rock Craftmanship",,"regular","Womens Size Chart","Runs true to size",,55,,0,,,11/01/13,"13 Holiday","Runout",492,,,,,,,,,"pending","N",,,"030,040,050"
"540224F","FMP540224F","Offline","Chuck Taylor Skulls","Black","Hi","Canvas","Women","All Star","Sneakers","Chuck Taylor- Seasonal                      ","Rock Craftmanship",,"regular","Womens Size Chart","Runs true to size",,60,,0,,,11/01/13,"13 Holiday","Runout",431,,,,,,,,,"pending","N",,,"030,040,050"
"540223F","FMP540223F","Offline","Chuck Taylor Double Tongue","Black","Low","Canvas","Women","All Star","Sneakers","Chuck Taylor - Iterations","Rock Craftmanship",,"regular","Womens Size Chart","Runs true to size",,50,,0,,,11/01/13,"13 Holiday","Runout",308,,,,,,,,,"pending","N",,,"030,040,050"
"540222C","FMP540222C","Offline","Chuck Taylor All Star Collar Studs","Black","Hi","Leather","Women","All Star","Sneakers","Chuck Taylor- Seasonal","Collar Studs",,"regular","Womens Size Chart","Runs true to size",,100,,0,,,07/01/13,"13 Fall","Runout",323,,,,,,,,,"pending","N",,,"030,040,050"
"540221C","FMP540221C","Offline","Chuck Taylor All Star Collar Studs","Phantom","Hi","Suede","Women","All Star","Sneakers","Chuck Taylor- Seasonal","Collar Studs",,"regular","Womens Size Chart","Runs true to size",,100,,0,,,07/01/13,"13 Fall","Runout",284,,,,,,,,,"pending","N",,,"030,040,050"
"540220C","MP_2037","Offline","Chuck Taylor All Star Collar Strap","Black","Hi","Leather","Women","All Star","Sneakers","Chuck Taylor- Seasonal","Collar Studs",,"regular","Womens Size Chart","Runs true to size",,90,,0,,,08/01/13,"13 Fall","Runout",400,,,,,,,,,"pending","N",,,"030,040,050"
"540219C","MP_2037","Offline","Chuck Taylor All Star Collar Strap","Burgundy","Hi","Leather","Women","All Star","Sneakers","Chuck Taylor- Seasonal","Collar Studs",,"regular","Womens Size Chart","Runs true to size",,90,,0,,,08/01/13,"13 Fall","Runout",229,,,,,,,,,"pending","N",,,"030,040,050"
"540218C","FMP540218C","Offline","Chuck Taylor All Star Double Zip","Burgundy","Hi","Suede","Women","All Star","Sneakers","Chuck Taylor - Iterations","Double Zip",,"regular","Womens Size Chart","Runs true to size",,85,,0,,,08/01/13,"13 Fall","Runout",171,,,,,,,,,"pending","N",,,"030,040,050"
"540217C","FMP540217C","Offline","Chuck Taylor All Star Double Zip","Black","Hi","Suede","Women","All Star","Sneakers","Chuck Taylor - Iterations","Double Zip",,"regular","Womens Size Chart","Runs true to size",,85,,0,,,08/01/13,"13 Fall","Runout",343,,,,,,,,,"pending","N",,,"030,040,050"
"539598C","FMP539598C","Offline","Chuck Taylor All Star Premium","White/Turtledove","Hi",,"Women","All Star","Sneakers","Chuck Taylor- Seasonal","Premium SMU",,"regular","Womens Size Chart","Runs true to size",,100,,0,,,05/01/13,"13 Summer","Runout",120,,,,,,,,,"pending","N",,,"030,040,050"
"539597C","FMP539597C","Offline","Chuck Taylor All Star Premium","Limestone/Turtledove/White","Hi",,"Women","All Star","Sneakers","Chuck Taylor- Seasonal","Premium SMU",,"regular","Womens Size Chart","Runs true to size",,100,,0,,,05/01/13,"13 Summer","Runout",100,,,,,,,,,"pending","N",,,"030,040,050"
"539596C","FMP539596C","Offline","Chuck Taylor All Star Premium",,,,"Women","All Star","Sneakers","Chuck Taylor- Seasonal","Premium SMU",,"regular","Womens Size Chart","Runs true to size",,85,,0,,,05/01/13,"13 Summer","Runout",100,,,,,,,,,"pending","N",,,"030,040,050"
"539595C","FMP539595C","Offline","Chuck Taylor All Star Premium",,,,"Women","All Star","Sneakers","Chuck Taylor- Seasonal","Premium SMU",,"regular","Womens Size Chart","Runs true to size",,85,,0,,,05/01/13,"13 Summer","Runout",120,,,,,,,,,"pending","N",,,"030,040,050"
"537802C","FMP537802C","Online","Jack Purcell LP","Rose","Slip","Canvas","Women","JACK PURCELL","Sneakers","Jack Purcell?","Nordstrom",,"regular","Womens Size Chart","Runs true to size",,75,,0,,03/07/13,02/01/13,"13 Spring","Runout",68,,,,,,,,,,"N",,,"030,040,050"
"537412C","FMP537412C","Online","Jack Purcell Helen","White/Red","Low","Cotton","Women","JACK PURCELL","Sneakers","Jack Purcell?","Helen",,"regular","Womens Size Chart","Runs true to size",,80,,54.97,,,02/01/13,"13 Spring","Runout",98,,,,,,,,,,"N",,,"030,040,050"
"537228C","MP_1518","Online","Chuck Taylor All Star","Athletic Navy","XX-Hi","Canvas","Women","All Star","Sneakers","Chuck Taylor - Iterations","Extended Height",,"regular","Womens Size Chart","Runs true to size",,75,,0,,01/23/13,01/01/13,"13 Spring","Runout",295,,,,,,191970,"EE3A8C",,,"N",,,"030,040,050"
"537227C","MP_2072","Online","Chuck Taylor All Star","Natural","Hi","Textile","Women","All Star","Sneakers","Chuck Taylor- Seasonal","Floral Print",,"regular","Womens Size Chart","Runs true to size",,55,,0,,,05/01/13,"13 Summer","Runout",135,,,,,,,,,,"N",666666666,555555555,"030,040,050"
"537212C","FMP537212C","Online","Chuck Taylor All Star Multi Tongue","Lavendula","Low","Canvas","Women","All Star","Sneakers","Chuck Taylor- Seasonal","Floral Print",,"regular","Womens Size Chart","Runs true to size",,60,,0,,,05/01/13,"13 Summer","Runout",100,,,,,,,,,,"N",,,"030,040,050"
"537198C","FMP537198C","Offline","Chuck Taylor All Star Zip Rand","N.Iron","Low","Denim","Women","All Star","Sneakers","Chuck Taylor- Seasonal","ZIp",,"regular","Womens Size Chart","Runs true to size",,60,,0,,,01/01/13,"13 Spring","Runout",197,,,,,,,,,"pending","N",,,"030,040,050"
"537197C","FMP537197C","Offline","Chuck Taylor All Star Zip Rand","Carmine Rose","Low","Denim","Women","All Star","Sneakers","Chuck Taylor - Iterations","Zip",,"regular","Womens Size Chart","Runs true to size",,60,,0,,,01/01/13,"13 Spring","Runout",172,,,,,,,,,"pending","N",,,"030,040,050"
"537191C","MP_2008","Offline","Chuck Taylor All Star Espadrille","Milk","Slip","Cotton","Women","All Star","Sneakers","Chuck  Taylor- Extensions","Espadrille",,"regular","Womens Size Chart","Runs true to size",,50,,0,,,04/01/13,"13 Summer","Runout",180,,,,,,,,,"pending","N",,,"030,040,050"
"537164C","MP_1891","Online","Jack Purcell LP","Navy","Low","Linen","Women","JACK PURCELL","Sneakers","Jack Purcell?","Linen",,"regular","Womens Size Chart","Runs true to size",,75,,0,,,02/01/13,"13 Spring","Runout",123,,,,,,"27408B",,,,"N",,,"030,040,050"
"537164C","MP_1891","Online","Jack Purcell LP","Navy","Low","Linen","Women","JACK PURCELL","Sneakers","Jack Purcell?","Linen",,"regular","Womens Size Chart","Runs true to size",,75,,0,,02/20/13,01/01/13,"13 Spring","Runout",123,,,,,,"27408B",,,,"N",,,"030,040,050"
"537162C","FMP537162C","Online","Jack Purcell Helen","Vaporous Gray/Multi","Low","Cotton","Women","JACK PURCELL","Sneakers","Jack Purcell?","Floral",,"regular","Womens Size Chart","Runs true to size",,70,,0,,,03/01/13,"13 Spring","Runout",86,,,,,,,,,,"N",,,"030,040,050"
"537161C","FMP537161C","Online","Jack Purcell Helen","Dark Navy/Multi","Low","Cotton","Women","JACK PURCELL","Sneakers","Jack Purcell?","Floral",,"regular","Womens Size Chart","Runs true to size",,70,,0,,03/29/13,03/01/13,"13 Spring","Runout",86,,,,,,,,,,"N",,,"030,040,050"
"537155F","MP_1638","Online","Chuck Taylor All Star Dainty","White","Low","Canvas","Women","All Star","Sneakers","Chuck  Taylor- Extensions","Dainty",,"regular","Womens Size Chart","Runs true to size",,50,,0,,,02/01/13,"13 Spring","Runout",234,,,,,,"F8F8FF",,,,"N",,,"030,040,050"
"537154F","MP_1638","Online","Chuck Taylor All Star Dainty","Charcoal","Low","Canvas","Women","All Star","Sneakers","Chuck  Taylor- Extensions","Dainty",,"regular","Womens Size Chart","Runs true to size",,50,,0,,,02/01/13,"13 Spring","Runout",308,,,,,,,,,,"N",,,"030,040,050"
"537153F","MP_1638","Online","Chuck Taylor All Star Dainty","Athletic Navy","Low","Canvas","Women","All Star","Sneakers","Chuck  Taylor- Extensions","Dainty",,"regular","Womens Size Chart","Runs true to size",,50,,0,,,02/01/13,"13 Spring","Runout",172,,,,,,,,,,"N",,,"030,040,050"
"537150F","MP_1884","Online","Chuck Taylor All Star Shoreline","Neon Pink","Slip","Textile","Women","All Star","Sneakers","Chuck  Taylor- Extensions","Shoreline",,"regular","Womens Size Chart","Runs true to size",,50,,0,,03/07/13,02/01/13,"13 Spring","Runout",172,,,,,,"FFC0CB",,,,"N",,,"030,040,050"
"537149F","MP_1884","Online","Chuck Taylor All Star Shoreline","Neon Orange","Slip","Textile","Women","All Star","Sneakers","Chuck  Taylor- Extensions","Shoreline",,"regular","Womens Size Chart","Runs true to size",,50,,0,,03/07/13,02/01/13,"13 Spring","Runout",111,,,,,,"FFA54F",,,,"N",,,"030,040,050"
"537148F","MP_1884","Online","Chuck Taylor All Star Shoreline","Neon Blue","Slip","Textile","Women","All Star","Sneakers","Chuck  Taylor- Extensions","Shoreline",,"regular","Womens Size Chart","Runs true to size",,50,,0,,03/07/13,02/01/13,"13 Spring","Runout",148,,,,,,"87CEFF",,,,"N",,,"030,040,050"
"537147F","FMP537147F","Online","Chuck Taylor All Star","Natural","Low","Textile","Women","All Star","Sneakers","Chuck Taylor- Seasonal","Floral Print",,"regular","Womens Size Chart","Runs true to size",,55,,0,,,05/01/13,"13 Summer","Runout",180,,,,,,,,,,"N",,,"030,040,050"
"537127F","FMP537127F","Offline","Chuck Taylor All Star Double Tongue","N. Iron","Low","Canvas","Women","All Star","Sneakers","Chuck Taylor- Seasonal","Foil Tipped Linen",,"regular","Womens Size Chart","Runs true to size",,50,,0,,,04/01/13,"13 Summer","Runout",150,,,,,,,,,"pending","N",,,"030,040,050"
"537126C","MP_2046","Online","Chuck Taylor All Star Two Fold","Egret","Hi","Canvas","Women","All Star","Sneakers","Chuck Taylor- Seasonal","Foil Tipped Linen",,"regular","Womens Size Chart","Runs true to size",,60,,0,,,04/01/13,"13 Summer","Runout",180,,,,,,,,,,"N",,,"030,040,050"
"537125F","FMP537125F","Online","Chuck Taylor All Star","N. Iron","Low","Cotton","Women","All Star","Sneakers","Chuck Taylor- Seasonal","Foil Tipped Linen",,"regular","Womens Size Chart","Runs true to size",,55,,0,,,04/01/13,"13 Summer","Runout",160,,,,,,,,,,"N",,,"030,040,050"
"537124F","FMP537124F","Offline","Chuck Taylor All Star","Carmine Rose","Low","Cotton","Women","All Star","Sneakers","Chuck Taylor- Seasonal","Foil Tipped Linen",,"regular","Womens Size Chart","Runs true to size",,55,,0,,,04/01/13,"13 Summer","Runout",85,,,,,,,,,"pending","N",,,"030,040,050"
"537123F","FMP537123F","Online","Chuck Taylor All Star Shoreline","Natural","Slip","Textile","Women","All Star","Sneakers","Chuck Taylor - Iterations","Floral Print",,"regular","Womens Size Chart","Runs true to size",,55,,0,,,05/01/13,"13 Summer","Runout",172,,,,,,,,,,"N",,,"030,040,050"
"537122F","FMP537122F","Offline","Chuck Taylor All Star Shoreline","Charcoal","Slip","Textile","Women","All Star","Sneakers","Chuck Taylor - Iterations","Floral Print",,"regular","Womens Size Chart","Runs true to size",,55,,0,,,05/01/13,"13 Summer","Runout",135,,,,,,,,,"pending","N",,,"030,040,050"
"537119C","FMP537119C","Online","Chuck Taylor All Star Multi Tongue","Black/Multi","Low","Canvas","Women","All Star","Sneakers","Chuck Taylor- Seasonal","Hyperculture Print",,"regular","Womens Size Chart","Runs true to size",,60,,0,,,02/01/13,"13 Spring","Runout",300,,,,,,,,,,"N",,,"030,040,050"
"537118C","MP_2046","Online","Chuck Taylor All Star Two Fold","Black/Multi","Hi","Canvas","Women","All Star","Sneakers","Chuck Taylor- Seasonal","Hyperculture Print",,"regular","Womens Size Chart","Runs true to size",,60,,0,,02/07/13,02/01/13,"13 Spring","Runout",180,,,,,,,,,,"N",,,"030,040,050"
"537115F","FMP537115F","Online","Chuck Taylor All Star","Black","Hi","Cotton","Women","All Star","Sneakers","Chuck Taylor- Seasonal","Crayon Hearts",,"regular","Womens Size Chart","Runs true to size",,60,,39.97,,01/14/13,12/01/12,"12 Holiday","Runout",295,,,,,,,,,,"N",,,"030,040,050"
"537114F","FMP537114F","Online","Chuck Taylor All Star","Lavendula","Low","Textile","Women","All Star","Sneakers","Chuck Taylor- Seasonal","Floral Print",,"regular","Womens Size Chart","Runs true to size",,55,,0,,,05/01/13,"13 Summer","Runout",100,,,,,,,,,,"N",,,"030,040,050"
"537113F","FMP537113F","Online","Chuck Taylor All Star","Dark Denim","Low","Textile","Women","All Star","Sneakers","Chuck Taylor- Seasonal","Floral Print",,"regular","Womens Size Chart","Runs true to size",,55,,0,,,05/01/13,"13 Summer","Runout",140,,,,,,,,,,"N",,,"030,040,050"
"537112C","MP_2072","Online","Chuck Taylor All Star","Dark Denim","Hi","Textile","Women","All Star","Sneakers","Chuck Taylor- Seasonal","Floral Print",,"regular","Womens Size Chart","Runs true to size",,60,,0,,,05/01/13,"13 Summer","Runout",140,,,,,,,,,,"N",,,"030,040,050"
"537111F","FMP537111F","Online","Chuck Taylor All Star","White/Multi","Hi","Canvas","Women","All Star","Sneakers","Chuck Taylor- Seasonal","Hyperculture Print",,"regular","Womens Size Chart","Runs true to size",,60,,0,,,02/01/13,"13 Spring","Runout",240,,,,,,,,,,"N",,,"030,040,050"
"537102C","MP_2036","Offline","Chuck Taylor All Star Boardwalk","Florida Keys","Low","Cotton","Women","All Star","Sneakers","Chuck  Taylor- Extensions","Boardwalk",,"regular","Womens Size Chart","Runs true to size",,55,,0,,,02/01/13,"13 Spring","Runout",74,,,,,,,,,"pending","N",,,"030,040,050"
"537101C","MP_2036","Offline","Chuck Taylor All Star Boardwalk","Black","Low","Cotton","Women","All Star","Sneakers","Chuck  Taylor- Extensions","Boardwalk",,"regular","Womens Size Chart","Runs true to size",,55,,0,,,02/01/13,"13 Spring","Runout",222,,,,,,,,,"pending","N",,,"030,040,050"
"537100C","MP_2036","Offline","Chuck Taylor All Star Boardwalk","B. Blue","Low","Cotton","Women","All Star","Sneakers","Chuck  Taylor- Extensions","Boardwalk",,"regular","Womens Size Chart","Runs true to size",,55,,0,,,02/01/13,"13 Spring","Runout",98,,,,,,,,,"pending","N",,,"030,040,050"
"537099C","MP_2035","Offline","Chuck Taylor All Star Boardwalk","White","Low","Linen","Women","All Star","Sneakers","Chuck  Taylor- Extensions","Boardwalk",,"regular","Womens Size Chart","Runs true to size",,55,,0,,,02/01/13,"13 Spring","Runout",295,,,,,,,,,"pending","N",,,"030,040,050"
"537098C","MP_2035","Offline","Chuck Taylor All Star Boardwalk","Cloud Gray","Low","Linen","Women","All Star","Sneakers","Chuck  Taylor- Extensions","Boardwalk",,"regular","Womens Size Chart","Runs true to size",,55,,0,,,02/01/13,"13 Spring","Runout",135,,,,,,,,,"pending","N",,,"030,040,050"
"537097C","MP_2035","Offline","Chuck Taylor All Star Boardwalk","Black","Low","Linen","Women","All Star","Sneakers","Chuck  Taylor- Extensions","Boardwalk",,"regular","Womens Size Chart","Runs true to size",,55,,0,,,02/01/13,"13 Spring","Runout",172,,,,,,,,,"pending","N",,,"030,040,050"
"537093F","MP_1904","Online","Chuck Taylor All Star Dainty Ballerina","White","Slip","Canvas","Women","All Star","Sneakers","Chuck  Taylor- Extensions","Dainty Ballerina",,"regular","Womens Size Chart","Runs true to size",,50,,0,,03/28/13,02/01/13,"13 Spring","Runout",222,,,,,,"FFFFFF",,,,"N",,,"030,040,050"
"537091F","MP_1904","Online","Chuck Taylor All Star Dainty Ballerina","Cloud Gray","Slip","Canvas","Women","All Star","Sneakers","Chuck  Taylor- Extensions","Dainty Ballerina",,"regular","Womens Size Chart","Runs true to size",,50,,0,,03/28/13,02/01/13,"13 Spring","Runout",345,,,,,,"D9D9D9",,,,"N",,,"030,040,050"
"537090F","MP_1904","Online","Chuck Taylor All Star Dainty Ballerina","Black","Slip","Canvas","Women","All Star","Sneakers","Chuck  Taylor- Extensions","Dainty Ballerina",,"regular","Womens Size Chart","Runs true to size",,50,,0,,03/28/13,02/01/13,"13 Spring","Runout",345,,,,,,0,,,,"N",,,"030,040,050"
"537089F","FMP537089F","Offline","Chuck Taylor All Star Shoreline","Lavendula","Slip","Textile","Women","All Star","Sneakers","Chuck Taylor - Iterations","Floral Print",,"regular","Womens Size Chart","Runs true to size",,55,,0,,,05/01/13,"13 Summer","Runout",86,,,,,,,,,"pending","N",,,"030,040,050"
"537088F","FMP537088F","Online","Chuck Taylor All Star Shoreline","Dark Denim","Slip","Textile","Women","All Star","Sneakers","Chuck Taylor - Iterations","Floral Print",,"regular","Womens Size Chart","Runs true to size",,55,,0,,,05/01/13,"13 Summer","Runout",148,,,,,,,,,,"N",,,"030,040,050"
"537084F","MP_1884","Online","Chuck Taylor All Star Shoreline","White","Slip","Canvas","Women","All Star","Sneakers","Chuck  Taylor- Extensions","Shoreline",,"regular","Womens Size Chart","Runs true to size",65,50,,0,,02/13/13,02/01/13,"13 Spring","Runout",345,,,,,,"FFFFFF",,,,"N",,,"030,040,050"
"537083F","MP_1884","Online","Chuck Taylor All Star Shoreline","Varsity Red","Slip","Canvas","Women","All Star","Sneakers","Chuck  Taylor- Extensions","Shoreline",,"regular","Womens Size Chart","Runs true to size",75,50,,0,,02/13/13,02/01/13,"13 Spring","Runout",222,,,,,,"DC143C",,,,"N",,,"030,040,050"
"537082F","MP_1884","Online","Chuck Taylor All Star Shoreline","Cloud Gray","Slip","Canvas","Women","All Star","Sneakers","Chuck  Taylor- Extensions","Shoreline",,"regular","Womens Size Chart","Runs true to size",45,50,,0,,02/13/13,02/01/13,"13 Spring","Runout",345,,,,,,"EBEBEB",,,,"N",,,"030,040,050"
"537081F","MP_1884","Online","Chuck Taylor All Star Shoreline","Black","Slip","Canvas","Women","All Star","Sneakers","Chuck  Taylor- Extensions","Shoreline",,"regular","Womens Size Chart","Runs true to size",55,50,,0,,02/13/13,02/01/13,"13 Spring","Runout",431,,,,,,0,,,,"N",,,"030,040,050"
"537080F","MP_1884","Online","Chuck Taylor All Star Shoreline","Athletic Navy","Slip","Canvas","Women","All Star","Sneakers","Chuck  Taylor- Extensions","Shoreline",,"regular","Womens Size Chart","Runs true to size",35,50,,0,,02/13/13,02/01/13,"13 Spring","Runout",308,,,,,,80,,,,"N",,,"030,040,050"
"537074C","FMP537074C","Offline","Chuck Taylor All Star Multi Tongue","Black","Low","Canvas","Women","All Star","Sneakers","Chuck Taylor- Seasonal","Crayon Hearts Print",,"regular","Womens Size Chart","Runs true to size",,55,,0,,,01/01/13,"13 Spring","Runout",369,,,,,,,,,"pending","N",,,"030,040,050"
"537073F","FMP537073F","Online","Chuck Taylor All Star","Varsity Red/Athletic Navy","Low","Textile","Women","All Star","Sneakers","Chuck Taylor- Seasonal","Polka Dots",,"regular","Womens Size Chart","Runs true to size",,60,,0,,,02/01/13,"13 Spring","Runout",246,,,,,,,,,,"N",,,"030,040,050"
"537072F","FMP537072F","Offline","Chuck Taylor All Star","Lavendula/B.Blue","Low","Textile","Women","All Star","Sneakers","Chuck Taylor- Seasonal","Polka Dots",,"regular","Womens Size Chart","Runs true to size",,60,,0,,,02/01/13,"13 Spring","Runout",172,,,,,,,,,"pending","N",,,"030,040,050"
"537070F","FMP537070F","Online","Chuck Taylor All Star","Varsity Red/Athletic Navy","Hi","Textile","Women","All Star","Sneakers","Chuck Taylor- Seasonal","Polka Dots",,"regular","Womens Size Chart","Runs true to size",,65,,0,,,02/01/13,"13 Spring","Runout",320,,,,,,,,,,"N",,,"030,040,050"
"537069F","FMP537069F","Offline","Chuck Taylor All Star","Lavendula/B.Blue","Hi","Textile","Women","All Star","Sneakers","Chuck Taylor- Seasonal","Polka Dots",,"regular","Womens Size Chart","Runs true to size",,65,,0,,,02/01/13,"13 Spring","Runout",123,,,,,,,,,"pending","N",,,"030,040,050"
"537066F","FMP537066F","Online","Chuck Taylor All Star","White/Multi","Low","Canvas","Women","All Star","Sneakers","Chuck Taylor- Seasonal","Hyperculture Print",,"regular","Womens Size Chart","Runs true to size",,55,,0,,,02/01/13,"13 Spring","Runout",360,,,,,,,,,,"N",,,"030,040,050"
"537065C","MP_2039","Offline","Chuck Taylor All Star Cutaway EVO","Jester Red","Slip","Canvas","Women","All Star","Sneakers","Chuck  Taylor- Extensions","Cutaway EVO",,"regular","Womens Size Chart","Runs true to size",,35,,0,,,02/01/13,"13 Spring","Runout",148,,,,,,,,,"pending","N",,,"030,040,050"
"537063C","MP_2044","Offline","Chuck Taylor All Star Gladiator","Neon Pink","Mid","Textile","Women","All Star","Sneakers","Chuck  Taylor- Extensions","Gladiator",,"regular","Womens Size Chart","Runs true to size",,40,,0,,,02/01/13,"13 Spring","Runout",98,,,,,,,,,"pending","N",,,"030,040,050"
"537062C","MP_2044","Offline","Chuck Taylor All Star Gladiator","Neon Blue","Mid","Textile","Women","All Star","Sneakers","Chuck  Taylor- Extensions","Gladiator",,"regular","Womens Size Chart","Runs true to size",,40,,0,,,02/01/13,"13 Spring","Runout",98,,,,,,,,,"pending","N",,,"030,040,050"
"537056C","MP_2008","Online","Chuck Taylor All Star Espadrille","Black","Slip","Canvas","Women","All Star","Sneakers","Chuck  Taylor- Extensions","Espadrille",,"regular","Womens Size Chart","Runs true to size",,45,,0,,,02/01/13,"13 Spring","Runout",148,,,,,,,,,,"N",,,"030,040,050"
"537053C","MP_2008","Offline","Chuck Taylor All Star Espadrille","Green","Slip","Cotton","Women","All Star","Sneakers","Chuck  Taylor- Extensions","Espadrille",,"regular","Womens Size Chart","Runs true to size",,50,,0,,,04/01/13,"13 Summer","Runout",40,,,,,,,,,"pending","N",,,"030,040,050"
"537052C","MP_2008","Online","Chuck Taylor All Star Espadrille","Frost Gray","Slip","Cotton","Women","All Star","Sneakers","Chuck  Taylor- Extensions","Espadrille",,"regular","Womens Size Chart","Runs true to size",,50,,0,,,04/01/13,"13 Summer","Runout",140,,,,,,,,,,"N",,,"030,040,050"
"537051C","MP_2008","Online","Chuck Taylor All Star Espadrille","Chocolate","Slip","Cotton","Women","All Star","Sneakers","Chuck  Taylor- Extensions","Espadrille",,"regular","Womens Size Chart","Runs true to size",,50,,0,,,04/01/13,"13 Summer","Runout",100,,,,,,,,,,"N",,,"030,040,050"
"537050C","MP_2044","Online","Chuck Taylor All Star Gladiator","White","Mid","Canvas","Women","All Star","Sneakers","Chuck  Taylor- Extensions","Gladiator",,"regular","Womens Size Chart","Runs true to size",,40,,0,,,04/01/13,"13 Summer","Runout",320,,,,,,,,,,"N",,,"030,040,050"
"537049C","MP_2044","Online","Chuck Taylor All Star Gladiator","Black","Mid","Canvas","Women","All Star","Sneakers","Chuck  Taylor- Extensions","Gladiator",,"regular","Womens Size Chart","Runs true to size",,40,,0,,,04/01/13,"13 Summer","Runout",406,,,,,,,,,,"N",,,"030,040,050"
"537045C","MP_2039","Offline","Chuck Taylor All Star Cutaway EVO","White","Slip","Canvas","Women","All Star","Sneakers","Chuck  Taylor- Extensions","Cutaway EVO",,"regular","Womens Size Chart","Runs true to size",,35,,0,,,02/01/13,"13 Spring","Runout",234,,,,,,,,,"pending","N",,,"030,040,050"
"537044C","MP_2039","Offline","Chuck Taylor All Star Cutaway EVO","Dark Denim","Slip","Canvas","Women","All Star","Sneakers","Chuck  Taylor- Extensions","Cutaway EVO",,"regular","Womens Size Chart","Runs true to size",,35,,0,,,02/01/13,"13 Spring","Runout",212,,,,,,,,,"pending","N",,,"030,040,050"
"537032C","MP_2039","Offline","Chuck Taylor All Star Cutaway EVO","Black","Slip","Canvas","Women","All Star","Sneakers","Chuck  Taylor- Extensions","Cutaway EVO",,"regular","Womens Size Chart","Runs true to size",,35,,0,,,02/01/13,"13 Spring","Runout",289,,,,,,,,,"pending","N",,,"030,040,050"
"536487C","FMP536487C","Online","Chuck Taylor All Star XX-Hi","Grey/Animal Print","XX-Hi","Canvas","Women","All Star","Sneakers","Chuck Taylor - Iterations","Extended Height",,"regular","Womens Size Chart","Runs true to size",,80,,34.99,,11/13/12,10/01/12,"12 Holiday","Runout",,,,,,,,,,,"N",,,"030,040,050"
"536377C","FMP536377C","Online","Chuck Taylor All Star XX-Hi","Black/Animal Print","XX-Hi","Canvas","Women","All Star","Sneakers","Chuck Taylor - Iterations","Extended Height",,"regular","Womens Size Chart","Runs true to size",,80,,34.99,,11/09/12,10/01/12,"12 Holiday","Runout",,,,,,,,,,,"N",,,"030,040,050"
"535518C",,"Online","Design Your Own All Star Light","Your Choice","Low","Canvas","Women","CREATE","Sneakers","Converse Create Chuck Taylor?",,,"dyo","Womens Size Chart","Runs true to size",57,,57,0,,,,,"Runout",,"chuTayLigOx0904",24368,,,,,,,"pending","N",,,
"535420C","MP_1823","Online","Chuck Taylor Premium Wool Sequin","Black Sequin","Low","Wool","Women","All Star","Sneakers","Chuck Taylor- Seasonal","Wool Sequins",,"regular","Womens Size Chart","Runs true to size",,100,,69.99,,11/08/12,10/01/12,"12 Holiday","Runout",246,,,,,,0,,,,"N",,,"030,040,050"
"5340693C","FMP5340693C","Offline","Women's License Plate  Vneck Tee","Vivid Viola",,,"Women",,"Apparel","Tees",,,"regular","Standard Size Chart",,,25,,0,,,07/01/13,"13 Fall","Runout",34,,,,,,,,"05340C","pending","N",,,"S,M,L,XL"
"5340472C","FMP5340472C","Offline","Women's License Plate Vneck Tee","Midnight Lake",,,"Women",,"Apparel","Tees",,,"regular","Standard Size Chart",,,25,,0,,,11/01/13,"13 Holiday","Runout",40,,,,,,,,"05340C","pending","N",,,"S,M,L,XL"
"5340110C","FMP5340110C","Offline","Women's License Plate  Vneck Tee","Optic White",,,"Women",,"Apparel","Tees",,,"regular","Standard Size Chart",,,25,,0,,,07/01/13,"13 Fall","Runout",23,,,,,,,,"05340C","pending","N",,,"S,M,L,XL"
"5340035C","FMP5340035C","Offline","Women's License Plate  Vneck Tee","Vintage Grey",,,"Women",,"Apparel","Tees",,,"regular","Standard Size Chart",,,25,,0,,,07/01/13,"13 Fall","Runout",26,,,,,,,,"05340C","pending","N",,,"S,M,L,XL"
"5340001C","FMP5340001C","Offline","Women's License Plate  Vneck Tee","Jet Black",,,"Women",,"Apparel","Tees",,,"regular","Standard Size Chart",,,25,,0,,,07/01/13,"13 Fall","Runout",34,,,,,,,,"05340C","pending","N",,,"S,M,L,XL"
"5339642C","FMP5339642C","Offline","Women's Sketched Crew Tee","Varsity Red",,,"Women",,"Apparel","Tees",,,"regular","Standard Size Chart",,,25,,0,,,07/01/13,"13 Fall","Runout",22,,,,,,,,"05339C","pending","N",,,"S,M,L,XL"
"5339385C","FMP5339385C","Offline","Women's Sketched Crew Tee","Morel Heather",,,"Women",,"Apparel","Tees",,,"regular","Standard Size Chart",,,25,,0,,,11/01/13,"13 Holiday","Runout",51,,,,,,,,"05339C","pending","N",,,"S,M,L,XL"
"5339358C","FMP5339358C","Offline","Women's Sketched Crew Tee","Morel Heather",,,"Women",,"Apparel","Tees",,,"regular","Standard Size Chart",,,25,,0,,,07/01/13,"13 Fall","Runout",29,,,,,,,,"05339C","pending","N",,,"S,M,L,XL"
"5339110C","FMP5339110C","Offline","Women's Sketched Crew Tee","Optic White",,,"Women",,"Apparel","Tees",,,"regular","Standard Size Chart",,,25,,0,,,07/01/13,"13 Fall","Runout",29,,,,,,,,"05339C","pending","N",,,"S,M,L,XL"
"5339001C","FMP5339001C","Offline","Women's Sketched Crew Tee","Jet Black",,,"Women",,"Apparel","Tees",,,"regular","Standard Size Chart",,,25,,0,,,07/01/13,"13 Fall","Runout",39,,,,,,,,"05339C","pending","N",,,"S,M,L,XL"
"5339001C","FMP5339001C","Offline","Women's Sketched Crew Tee","Jet Black",,,"Women",,"Apparel","Tees",,,"regular","Standard Size Chart",,,25,,0,,,07/01/13,"13 Fall","Runout",39,,,,,,,,"05339C","pending","N",,,"S,M,L,XL"
"5338472C","FMP5338472C","Offline","Women's Chuck Patch Crew Tee","Midnight Lake",,,"Women",,"Apparel","Tees",,,"regular","Standard Size Chart",,,25,,0,,,07/01/13,"13 Fall","Runout",20,,,,,,,,"05338C","pending","N",,,"S,M,L,XL"
"5338110C","FMP5338110C","Offline","Women's Chuck Patch Crew Tee","Optic White",,,"Women",,"Apparel","Tees",,,"regular","Standard Size Chart",,,25,,0,,,07/01/13,"13 Fall","Runout",29,,,,,,,,"05338C","pending","N",,,"S,M,L,XL"
"5338035C","FMP5338035C","Offline","Women's Chuck Patch Crew Tee","Vintage Grey",,,"Women",,"Apparel","Tees",,,"regular","Standard Size Chart",,,25,,0,,,07/01/13,"13 Fall","Runout",27,,,,,,,,"05338C","pending","N",,,"S,M,L,XL"
"5338001C","FMP5338001C","Offline","Women's Chuck Patch Crew Tee","Jet Black",,,"Women",,"Apparel","Tees",,,"regular","Standard Size Chart",,,25,,0,,,07/01/13,"13 Fall","Runout",32,,,,,,,,"05338C","pending","N",,,"S,M,L,XL"
"532235C","FMP532235C","Online","Chuck Taylor Moccasin Sneaker","Sassafras","Hi","Suede","Women","All Star","Sneakers","Chuck Taylor - Iterations","Moc Boot",,"regular","Womens Size Chart","Runs true to size",,70,,0,,11/20/12,10/01/12,"12 Holiday","Runout",140,,,,,,,,,,"N",,,"030,040,050"
"532210C","FMP532210C","Online","Chuck Taylor All Star Side Zip","Brown","Hi","Suede","Women","All Star","Sneakers","Chuck Taylor- Seasonal","Dusty Suede",,"regular","Womens Size Chart","Runs true to size",,75,,29.99,,07/18/12,07/01/12,"12 Fall","Runout",117,,,,,,,,,,"N",,,"030,040,050"
"530110C","FMP530110C","Online","Chuck Taylor Playlite","Egret","Low","Canvas","Women",,"Sneakers","Chuck  Taylor- Extensions","Playlite",,"regular","Womens Size Chart","Runs true to size",,45,,0,,,,"12 Spring","Runout",,,,,,,,,,"pending","N",,,"030,040,050"
"530107C","FMP530107C","Online","Chuck Taylor Playlite","Black","Low","Canvas","Women",,"Sneakers","Chuck  Taylor- Extensions","Playlite",,"regular","Womens Size Chart","Runs true to size",,45,,0,,,,"12 Spring","Runout",,,,,,,,,,"pending","N",,,"030,040,050"
"529654C","FMP529654C","Online","Jack Purcell Helen Marimekko","Navy/Yellow","Low","Canvas","Women","JACK PURCELL","Sneakers","Jack Purcell","Marimekko",,"regular","Womens Size Chart","Runs true to size",,90,,39.99,,01/20/12,01/01/12,"12 Spring","Runout",153,,,,,,,,,,"N",,,"030,040,050"
"527924C","FMP527924C","Online","Chuck Taylor All Star XX-Hi","Charcoal","XX-Hi","Canvas","Women",,"Sneakers","Chuck Taylor - Iterations","Extended Heights",,"regular","Womens Size Chart","Runs true to size",,75,,0,,,,"11 Holiday","Runout",,,,,,,,,,"pending","N",,,"030,040,050"
"525937C","FMP525937C","Online","Chuck Taylor Andover Boot","Black","Hi","Suede","Women","All Star","Sneakers","Chuck Taylor - Iterations","Andover Boot",,"regular","Womens Size Chart","Runs true to size",,70,,29.99,,09/19/11,07/01/11,"11 Fall","Runout",240,,,,,,,,,,"N",,,"030,040,050"
"525936C","FMP525936C","Online","Chuck Taylor Andover Boot","Chocolate","Hi","Suede","Women","All Star","Sneakers","Chuck Taylor - Iterations","Andover Boot",,"regular","Womens Size Chart","Runs true to size",,70,,29.99,,09/19/11,07/01/11,"11 Fall","Runout",240,,,,,,,,,,"N",,,"030,040,050"
"522242F","FMP522242F","Online","Lady All Star","White","Low","Canvas","Women","All Star","Sneakers","Chuck  Taylor- Extensions","Lady All Star",,"regular","Womens Size Chart","Runs true to size",,50,,19.99,,02/11/11,02/01/11,"11 Spring","Runout",240,,,,,,,,"CX020-11S-746",,"N",,,"030,040,050"
"519203F","FMP519203F","Online","Chuck Taylor Dr. Seuss","White/Pink","Hi","Canvas","Women",,"Sneakers","Chuck Taylor - Collaborations","Seuss",,"regular","Womens Size Chart","Runs true to size",,65,,44.99,,,,"10 Holiday","Runout",,,,,,,,,,"pending","N",,,"030,040,050"
"5116903C","FMP5116903C","Offline","Women's Asymmetrical Full Zip Hoodie","Poseidon",,,"Women",,"Apparel","Tees",,,"regular","Standard Size Chart",,,78,,0,,,11/01/13,"13 Holiday","Runout",44,,,,,,,,"05116C","pending","N",,,"S,M,L,XL"
"5116522C","FMP5116522C","Offline","Women's Asymmetrical Full Zip Hoodie","Black Grape",,,"Women",,"Apparel","Tees",,,"regular","Standard Size Chart",,,78,,0,,,11/01/13,"13 Holiday","Runout",53,,,,,,,,"05116C","pending","N",,,"S,M,L,XL"
"5111035C","FMP5111035C","Offline","Women's Cargo Sherpa Hoodie Jacket ","Green",,,"Women",,"Apparel","Tees",,,"regular","Standard Size Chart",,,88,,0,,,12/01/13,"13 Holiday","Runout",25,,,,,,,,"05111C","pending","N",,,"S,M,L,XL"
"5111002C","FMP5111002C","Offline","Women's Cargo Sherpa Hoodie Jacket ","Phantom",,,"Women",,"Apparel","Tees",,,"regular","Standard Size Chart",,,88,,0,,,12/01/13,"13 Holiday","Runout",21,,,,,,,,"05111C","pending","N",,,"S,M,L,XL"
"5107648C","FMP5107648C","Offline","Women's Coated Pull Over Hoodie ","Burgundy",,,"Women",,"Apparel","Tees",,,"regular","Standard Size Chart",,,68,,0,,,11/01/13,"13 Holiday","Runout",26,,,,,,,,"05107C","pending","N",,,"S,M,L,XL"
"5107132C","FMP5107132C","Offline","Women's Coated Pull Over Hoodie ","Parchment",,,"Women",,"Apparel","Jackets",,,"regular","Standard Size Chart",,,68,,0,,,11/01/13,"13 Holiday","Runout",26,,,,,,,,"05107C","pending","N",,,"S,M,L,XL"
"4862112C","FMP4862112C","Offline","Zip Pocket Moto Hoodie","Bone White",,,"Women",,"Apparel","Hoodies",,,"regular","Standard Size Chart",,,58,,0,,,05/01/13,"13 Summer","Runout",10,,,,,,,,,"pending","N",,,"S,M,L,XL"
"4862002C","FMP4862002C","Offline","Zip Pocket Moto Hoodie","Phantom",,,"Women",,"Apparel","Hoodies",,,"regular","Standard Size Chart",,,58,,0,,,05/01/13,"13 Summer","Runout",10,,,,,,,,,"pending","N",,,"S,M,L,XL"
"4814100C","FMP4814100C","Offline","Graphic Tee","Bright White",,,"Women",,"Apparel","Tees",,,"regular","Standard Size Chart",,,25,,0,,,02/01/13,"13 Spring","Runout",,,,,,,,,"04814C","pending","N",,,"S,M,L,XL"
"4677907C","FMP4677907C","Offline","Women's Funnel Neck Full Zip Hoodie","Vintage Indigo",,,"Women",,"Apparel","Jackets",,,"regular","Standard Size Chart",,,78,,0,,,07/01/13,"13 Fall","Runout",24,,,,,,,,"04677C","pending","N",,,"S,M,L,XL"
"4677693C","FMP4677693C","Offline","Women's Funnel Neck Full Zip Hoodie","Vivid Viola",,,"Women",,"Apparel","Jackets",,,"regular","Standard Size Chart",,,78,,0,,,07/01/13,"13 Fall","Runout",26,,,,,,,,"04677C","pending","N",,,"S,M,L,XL"
"4677035C","FMP4677035C","Offline","Women's Funnel Neck Full Zip Hoodie","Vintage Grey",,,"Women",,"Apparel","Jackets",,,"regular","Standard Size Chart",,,78,,0,,,07/01/13,"13 Fall","Runout",30,,,,,,,,"04677C","pending","N",,,"S,M,L,XL"
"4363410C","MP_2005","Online","Baja Beach Hoodie","Navy",,"Cotton","Women",,"Apparel","Hoodies",,,"regular","Standard Size Chart",,,58,,0,,,05/01/13,"13 Summer","Runout",6,,,,,,,,,,"N",,,"S,M,L,XL"
"4363112C","MP_2005","Online","Baja Beach Hoodie","Bone White",,"Cotton","Women",,"Apparel","Hoodies",,,"regular","Standard Size Chart",,,58,,0,,,05/01/13,"13 Summer","Runout",12,,,,,,,,,,"N",,,"S,M,L,XL"
"4185421C","MP_2055","Online","Drop Shoulder Hoodie","Dark Denim",,"100% Cotton","Women",,"Apparel","Hoodies",,,"regular","Standard Size Chart",,,58,,0,,,04/01/13,"13 Summer","Runout",12,,,,,,,,,,"N",,,"S,M,L,XL"
"4185035C","MP_2055","Online","Drop Shoulder Hoodie","Vintage Grey",,"100% Cotton","Women",,"Apparel","Hoodies",,,"regular","Standard Size Chart",,,58,,0,,,04/01/13,"13 Summer","Runout",12,,,,,,,,,,"N",,,"S,M,L,XL"
"3366410C","FMP3366410C","Offline","French Henly Woven","Navy Heather",,,"Women",,"Apparel","Shirts",,,"regular","Standard Size Chart",,,98,,0,,,02/01/13,"13 Spring","Runout",,,,,,,,,"03366C","pending","N",,,"S,M,L,XL"
"3209674C","MP_1895","Online","Hooded Anorak Jacket","Hibiscus",,"Cotton","Women",,"Apparel","Jackets",,,"regular","Standard Size Chart","Runs true to size",,98,,0,"Well Utilized. Two external pockets let you ditch your bag and keep the essentials at hand. Cropped silhouette, front zipper and button closure with drawstring cinching for a more fitted look. Made of dense cotton. 100% Cotton. Made in China. Machine wash cold, gentle cycle separately or with like colors, only non-chlorine bleach when needed, remove promptly, tumble dry low, warm iron if needed.",03/08/13,03/01/13,"13 Spring","Runout",,,,,,,,,"03209C",,"N",,,"S,M,L,XL"
"3186463C","MP_2052","Online","Roll Sleeve Button Down","Sterling Blue",,"Cotton","Women",,"Apparel","Shirts",,,"regular","Standard Size Chart",,,68,,39.99,,03/20/13,03/01/13,"13 Spring","Runout",,,,,,,,,"03186C",,"N",,,"S,M,L,XL"
"3186111C","MP_2052","Online","Roll Sleeve Button Down","Antique White/Multi",,"Cotton","Women",,"Apparel","Shirts",,,"regular","Standard Size Chart",,,68,,39.99,,03/20/13,03/01/13,"13 Spring","Runout",,,,,,,,,"03186C",,"N",,,"S,M,L,XL"
"3177509C","MP_1902","Online","Workwear Button Down","Plum Purple",,"Cotton","Women",,"Apparel","Shirts",,,"regular","Standard Size Chart",,,68,,49.99,,03/22/13,01/01/13,"13 Spring","Runout",,,,,,,,,"03177C",,"N",,,"S,M,L,XL"
"3177108C","MP_1902","Online","Workwear Button Down","Birch Plaid",,"Cotton","Women",,"Apparel","Shirts",,,"regular","Standard Size Chart","Runs true to size",,68,,49.99,"Get checked. Ladies western plaid long sleeve shirt with button closure and double breasted pockets. 100% cotton. Made in China. Machine wash cold.",02/06/13,01/01/13,"13 Spring","Runout",,,,,,,"FFFFFF",,"03177C",,"N",,,"S,M,L,XL"
"3158509C","MP_1862","Online","Cocoon Zip Hoodie","Plum Purple",,"100% Cotton","Women",,"Apparel","Hoodies",,,"regular","Standard Size Chart","Runs true to size",,68,,49.97,"Playing Favorites. This hoodie with a front zipper and front pockets plays well with others. 100% cotton. Made in China. Machine wash cold.",01/23/13,02/01/13,"13 Spring","Runout",,,,,,,"7A378B",,"03158C",,"N",,,"S,M,L,XL"
"3158123C","MP_1862","Online","Cocoon Zip Hoodie","Vanilla Ice",,"100% Cotton","Women",,"Apparel","Hoodies",,,"regular","Standard Size Chart","Runs true to size",,68,,49.97,"Playing Favorites. This hoodie with a front zipper and front pockets plays well with others. 100% cotton. Made in China. Machine wash cold.",01/23/13,02/01/13,"13 Spring","Runout",,,,,,,"FFFFFF",,"03158C",,"N",,,"S,M,L,XL"
"3158115C","MP_1862","Online","Cocoon Zip Hoodie","Snow Heather",,"100% Cotton","Women",,"Apparel","Hoodies",,,"regular","Standard Size Chart","Runs true to size",,68,,49.97,"Playing Favorites. This hoodie with a front zipper and front pockets plays well with others. 100% cotton. Made in China. Machine wash cold.",01/23/13,02/01/13,"13 Spring","Runout",,,,,,,"EAEAEA",,"03158C",,"N",,,"S,M,L,XL"
"3158002C","MP_1862","Online","Cocoon Zip Hoodie","Phantom",,"100% Cotton","Women",,"Apparel","Hoodies",,,"regular","Standard Size Chart","Runs true to size",,68,,49.97,"Playing Favorites. This hoodie with a front zipper and front pockets plays well with others. 100% cotton. Made in China. Machine wash cold.",01/23/13,02/01/13,"13 Spring","Runout",,,,,,,616161,,"03158C",,"N",,,"S,M,L,XL"
"3154509C","MP_1857","Online","Drape Front Zip Hoodie","Plum Purple",,"100% Cotton","Women",,"Apparel","Hoodies",,,"regular","Standard Size Chart","Runs true to size",,78,,54.99,"Playing Favorites. This hoodie with a front zipper and front pockets plays well with others. 100% cotton. Made in China. Machine wash cold.",01/17/13,01/01/13,"13 Spring","Runout",,,,,,,"8B008B",,"03154C",,"N",,,"S,M,L,XL"
"3154002C","MP_1857","Online","Drape Front Zip Hoodie","Phantom Black",,"100% Cotton","Women",,"Apparel","Hoodies",,,"regular","Standard Size Chart","Runs true to size",,78,,54.99,"Playing Favorites. This hoodie with a front zipper and front pockets plays well with others. 100% cotton. Made in China. Machine wash cold.",01/17/13,01/01/13,"13 Spring","Runout",,,,,,,0,,"03154C",,"N",,,"S,M,L,XL"
"2328C015","FMP2328C015","Online","Copley Studded Denim","Ice T Wash",,"Cotton & Spandex","Women",,"Apparel","Pants","Denim",,"regular","Standard Size Chart","Runs true to size",,128,,0,,,,"12 Fall","Runout",,,,,,,,,,"pending","N",,,"S,M,L,XL"
"2290C723","MP_1808","Online","Half Zip Pullover Hoodie","Star Tropaz",,"Cotton & Polyester","Women",,"Apparel","Hoodies",,,"regular","Standard Size Chart","Runs true to size",,68,,49.99,"Cross over. It criss-crosses. It gathers. It?s got a hood. It zips. Everything you love about your favorite hoodie?and a little more. Heathered jersey material. 60% Cotton/ 40% Polyester Made in Vietnam. Machine wash cold, wash with like colors, remove immediately, do not bleach, tumble dry low, do not iron, do not dry clean.",10/25/12,10/01/12,"12 Holiday","Runout",,,,,,,"CDCD00",,,,"N",,,"S,M,L,XL"
"140138C","FMP140138C","Offline","Jack Purcell","Chili Pepper/Egret","Low","Cotton","Women","JACK PURCELL","Sneakers","Jack Purcell?","Washed Color",,"regular","Jack Size Chart","Runs true to size",,70,,0,,,06/01/13,"13 Fall","Runout",168,,,,,,,,,"pending","N",,,"030,040,050"
"139718C","FMP139718C","Offline","Chuck Taylor All Star Double Zip","Black/Turtledove","Hi","Leather","Women","All Star","Sneakers","Varvatos","Varvatos",,"regular","Chuck Size Chart","Runs a half-size large",,60,,0,,,06/01/13,"13 Fall","Runout",206,,,,,,,,,"pending","N",,,"030,040,050"
"139679C","FMP139679C","Offline","CTS","Faded Denim/White","Low","Suede","Women","CONS","Sneakers","Skate","Skate",,"regular","Standard Size Chart","Runs true to size",,60,,0,,,06/01/13,"13 Fall","Runout",74,,,,,,,,,"pending","N",,,"030,040,050"
"136676C","MP_1891","Online","Jack Purcell Slip LP","Navy","Slip","Cotton","Women","JACK PURCELL","Sneakers","Jack Purcell?","Stone Wash Textile",,"regular","Jack Size Chart","Runs true to size",,75,,0,,03/29/13,02/01/13,"13 Spring","Runout",80,,,,,,"104E8B",,,,"N",,,"030,040,050"
"136576F","FMP136576F","Online","Chuck Taylor All Star Side Zip","Athletic Navy","Hi","Canvas","Women","All Star","Sneakers","Chuck Taylor- Seasonal","Side Zip",,"regular","Chuck Size Chart","Runs a half-size large",,60,,0,,,01/01/13,"13 Spring","Runout",197,,,,,,,,,,"N",,,"030,040,050"
"136542C","MP_2053","Offline","Sandstar","Neon Pink/ Prism Pink",,"Synthetic","Women","All Star","Sneakers","Chuck  Taylor- Extensions","Sandstar",,"regular","Chuck Size Chart","Runs a half-size large",,20,,0,,,02/01/13,"13 Spring","Runout",92,,,,,,,,,"pending","N",,,"030,040,050"
"136540C","MP_2053","Offline","Sandstar","Neon Blue/ Atoll",,"Synthetic","Women","All Star","Sneakers","Chuck  Taylor- Extensions","Sandstar",,"regular","Chuck Size Chart","Runs a half-size large",,20,,0,,,02/01/13,"13 Spring","Runout",74,,,,,,,,,"pending","N",,,"030,040,050"
"07981C","FMP07981C","Offline","Women's  Star And Stripe Vneck Tee","Optic White",,,"Women",,"Apparel","Tees",,,"regular","Standard Size Chart",,,25,,0,,,12/01/13,"13 Holiday","Runout",35,,,,,,,,"07981C","pending","N",,,"S,M,L,XL"
"06600C","FMP06600C","Online","V Neck Tee","Cerulean",,"100% Cotton","Women",,"Apparel","Tees",,,"regular","Standard Size Chart",,,25,,0,,,04/01/13,"13 Summer","Runout",,,,,,,,,,,"N",,,"S,M,L,XL"
"0646648C","MP_1459","Offline","Women's Allen Street Hoodie","Burgundy",,,"Women",,"Apparel","Tees",,,"regular","Standard Size Chart",,,78,,54.99,,,09/01/13,"13 Fall","Runout",20,,,,,,,,"00646C","pending","N",,,"S,M,L,XL"
"0646548C","MP_1459","Online","Women's Allen Street Hoodie","Chalk Violet",,"100% Cotton","Women",,"Apparel","Hoodies",,,"regular","Standard Size Chart","Runs true to size",,78,,54.99,"Playing Favorites. This garment dyed hoodie with tonal drawstrings and asymmetrical zipper plays well with others. 100% dense rugby jersey cotton. 100% Cotton. Made in China. Machine wash cold.",03/29/13,04/01/13,"13 Summer","Runout",41,,,,,,"EED2EE",,"00646C",,"N",,,"S,M,L,XL"
"06395C","FMP06395C","Online","Women's Beach Scene V Neck","Vintage Grey",,"100% Cotton","Women",,"Apparel","Tees",,,"regular","Standard Size Chart",,,25,,0,,,04/01/13,"13 Summer","Runout",,,,,,,,,,,"N",,,"S,M,L,XL"
"06357C","FMP06357C","Offline","Women's Star Crew Tee","Black Grape",,,"Women",,"Apparel","Tees",,,"regular","Standard Size Chart",,,25,,0,,,12/01/13,"13 Holiday","Runout",30,,,,,,,,"06357C","pending","N",,,"S,M,L,XL"
"gc75Gft","GiftCard","Online","Converse.com $75 Gift Card",,,,,,"Gift Cards","Gift Cards -Physical",,"Holiday Gift","physicalgc",,,75,,75,0,,,,"10 Holiday","Runout",,,,,,,,,,,"N",,,"One Size"
"gc75dyo","GiftCard","Online","Converse.com $75 Gift Card",,,,,,"Gift Cards","Gift Cards -Physical",,"Holiday Design Your Own","physicalgc",,,75,,75,0,,,,"10 Holiday","Runout",,,,,,,,,,,"N",,,"One Size"
"gc75Con","GiftCard","Online","Converse.com $75 Gift Card",,,,,,"Gift Cards","Gift Cards -Physical",,"Holiday Converse","physicalgc",,,75,,75,0,,,,"10 Holiday","Runout",,,,,,,,,,,"N",,,"One Size"
"gc75cnv","GiftCard","Online","Converse.com $75 Gift Card",,,,,,"Gift Cards","Gift Cards -Physical",,"Converse","physicalgc",,,75,,75,0,,,,"06 Fall",,,,,,,,,,,,"N",,,"One Size"
"gc50Pow","GiftCard","Online","Converse.com $50 Gift Card",,,,,,"Gift Cards","Gift Cards -Physical",,"Star Power","physicalgc",,,50,,50,0,,,,"10 Holiday","Runout",,,,,,,,,,,"N",,,"One Size"
"gc50Gft","GiftCard","Online","Converse.com $50 Gift Card",,,,,,"Gift Cards","Gift Cards -Physical",,"Holiday Gift","physicalgc",,,50,,50,0,,,,"10 Holiday","Runout",,,,,,,,,,,"N",,,"One Size"
"gc50dyo","GiftCard","Online","Converse.com $50 Gift Card",,,,,,"Gift Cards","Gift Cards -Physical",,"Holiday Design Your Own","physicalgc",,,50,,50,0,,,,"10 Holiday","Runout",,,,,,,,,,,"N",,,"One Size"
"gc50Con","GiftCard","Online","Converse.com $50 Gift Card",,,,,,"Gift Cards","Gift Cards -Physical",,"Holiday Converse","physicalgc",,,50,,50,0,,,,"10 Holiday","Runout",,,,,,,,,,,"N",,,"One Size"
"gc50c1","GiftCard","Online","ConverseOne.com $50 Gift Card",,,,,,"Gift Cards","Gift Cards -Physical",,"Converse","physicalgc",,,50,,50,0,,,,"06 Fall",,,,,,,,,,,,"N",,,"One Size"
"gc40Pow","GiftCard","Online","Converse.com $40 Gift Card",,,,,,"Gift Cards","Gift Cards -Physical",,"Star Power","physicalgc",,,40,,40,0,,,,,"Runout",,,,,,,,,,,"N",,,"One Size"
"gc40Gft","GiftCard","Online","Converse.com $40 Gift Card",,,,,,"Gift Cards","Gift Cards -Physical",,"Holiday Gift","physicalgc",,,40,,40,0,,,,"10 Holiday","Runout",,,,,,,,,,,"N",,,"One Size"
"gc40dyo","GiftCard","Online","Converse.com $40 Gift Card",,,,,,"Gift Cards","Gift Cards -Physical",,"Holiday Design Your Own","physicalgc",,,40,,40,0,,,,"10 Holiday","Runout",,,,,,,,,,,"N",,,"One Size"
"gc40Con","GiftCard","Online","Converse.com $40 Gift Card",,,,,,"Gift Cards","Gift Cards -Physical",,"Holiday Converse","physicalgc",,,40,,40,0,,,,"10 Holiday","Runout",,,,,,,,,,,"N",,,"One Size"
"gc30Pow","GiftCard","Online","Converse.com $30 Gift Card",,,,,,"Gift Cards","Gift Cards -Physical",,"Star Power","physicalgc",,,30,,30,0,,,,"10 Holiday","Runout",,,,,,,,,,,"N",,,"One Size"
"gc30Gft","GiftCard","Online","Converse.com $30 Gift Card",,,,,,"Gift Cards","Gift Cards -Physical",,"Holiday Gift","physicalgc",,,30,,30,0,,,,"10 Holiday","Runout",,,,,,,,,,,"N",,,"One Size"
"gc30dyo","GiftCard","Online","Converse.com $30 Gift Card",,,,,,"Gift Cards","Gift Cards -Physical",,"Holiday Design Your Own","physicalgc",,,30,,30,0,,,,"10 Holiday","Runout",,,,,,,,,,,"N",,,"One Size"
"gc30Con","GiftCard","Online","Converse.com $30 Gift Card",,,,,,"Gift Cards","Gift Cards -Physical",,"Holiday Converse","physicalgc",,,30,,30,0,,,,"10 Holiday","Runout",,,,,,,,,,,"N",,,"One Size"
"gc25cnv","GiftCard","Online","Converse.com $25 Gift Card",,,,,,"Gift Cards","Gift Cards -Physical",,"Converse","physicalgc",,,25,,25,0,,,,"06 Fall",,,,,,,,,,,,"N",,,"One Size"
"gc250cnv","GiftCard","Online","Converse.com $250 Gift Card",,,,,,"Gift Cards","Gift Cards -Physical",,"Converse","physicalgc",,,250,,250,0,,,,"06 Fall",,,,,,,,,,,,"N",,,"One Size"
"gc20Pow","GiftCard","Online","Converse.com $20 Gift Card",,,,,,"Gift Cards","Gift Cards -Physical",,"Star Power","physicalgc",,,20,,20,0,,,,"10 Holiday","Runout",,,,,,,,,,,"N",,,"One Size"
"gc20Gft","GiftCard","Online","Converse.com $20 Gift Card",,,,,,"Gift Cards","Gift Cards -Physical",,"Holiday Gift","physicalgc",,,20,,20,0,,,,,"Runout",,,,,,,,,,,"N",,,"One Size"
"gc20dyo","GiftCard","Online","Converse.com $20 Gift Card",,,,,,"Gift Cards","Gift Cards -Physical",,"Holiday Design Your Own","physicalgc",,,20,,20,0,,,,"10 Holiday","Runout",,,,,,,,,,,"N",,,"One Size"
"gc20Con","GiftCard","Online","Converse.com $20 Gift Card",,,,,,"Gift Cards","Gift Cards -Physical",,"Holiday Converse","physicalgc",,,20,,20,0,,,,"10 Holiday","Runout",,,,,,,,,,,"N",,,"One Size"
"gc200cnv","GiftCard","Online","Converse.com $200 Gift Card",,,,,,"Gift Cards","Gift Cards -Physical",,"Converse","physicalgc",,,200,,200,0,,,,"06 Fall",,,,,,,,,,,,"N",,,"One Size"
"gc175cnv","GiftCard","Online","Converse.com $175 Gift Card",,,,,,"Gift Cards","Gift Cards -Physical",,"Converse","physicalgc",,,175,,175,0,,,,"06 Fall",,,,,,,,,,,,"N",,,"One Size"
"gc150Pow","GiftCard","Online","Converse.com $150 Gift Card",,,,,,"Gift Cards","Gift Cards -Physical",,"Star Power","physicalgc",,,150,,150,0,,,,,"Runout",,,,,,,,,,,"N",,,"One Size"
"gc150Gft","GiftCard","Online","Converse.com $150 Gift Card",,,,,,"Gift Cards","Gift Cards -Physical",,"Holiday Gift","physicalgc",,,150,,150,0,,,,"10 Holiday","Runout",,,,,,,,,,,"N",,,"One Size"
"gc150dyo","GiftCard","Online","Converse.com $150 Gift Card",,,,,,"Gift Cards","Gift Cards -Physical",,"Holiday Design Your Own","physicalgc",,,150,,150,0,,,,"10 Holiday","Runout",,,,,,,,,,,"N",,,"One Size"
"gc150Con","GiftCard","Online","Converse.com $150 Gift Card",,,,,,"Gift Cards","Gift Cards -Physical",,"Holiday Converse","physicalgc",,,150,,150,0,,,,"10 Holiday","Runout",,,,,,,,,,,"N",,,"One Size"
"gc125Pow","GiftCard","Online","Converse.com $125 Gift Card",,,,,,"Gift Cards","Gift Cards -Physical",,"Star Power","physicalgc",,,125,,125,0,,,,,"Runout",,,,,,,,,,,"N",,,"One Size"
"gc125Gft","GiftCard","Online","Converse.com $125 Gift Card",,,,,,"Gift Cards","Gift Cards -Physical",,"Holiday Gift","physicalgc",,,125,,125,0,,,,,"Runout",,,,,,,,,,,"N",,,"One Size"
"gc125dyo","GiftCard","Online","Converse.com $125 Gift Card",,,,,,"Gift Cards","Gift Cards -Physical",,"Holiday Design Your Own","physicalgc",,,125,,125,0,,,,,"Runout",,,,,,,,,,,"N",,,"One Size"
"gc125Con","GiftCard","Online","Converse.com $125 Gift Card",,,,,,"Gift Cards","Gift Cards -Physical",,"Holiday Converse","physicalgc",,,125,,125,0,,,,,"Runout",,,,,,,,,,,"N",,,"One Size"
"gc100Gft","GiftCard","Online","Converse.com $100 Gift Card",,,,,,"Gift Cards","Gift Cards -Physical",,"Holiday Gift","physicalgc",,,100,,100,0,,,,,"Runout",,,,,,,,,,,"N",,,"One Size"
"gc100dyo","GiftCard","Online","Converse.com $100 Gift Card",,,,,,"Gift Cards","Gift Cards -Physical",,"Holiday Design Your Own","physicalgc",,,100,,100,0,,,,"10 Holiday","Runout",,,,,,,,,,,"N",,,"One Size"
"gc100Con","GiftCard","Online","Converse.com $100 Gift Card",,,,,,"Gift Cards","Gift Cards -Physical",,"Holiday Converse","physicalgc",,,100,,100,0,,,,"10 Holiday","Runout",,,,,,,,,,,"N",,,"One Size"
"ec75cnv","eGiftCard","Online","Converse.com $75 Email Gift Cert",,,,,,"Gift Cards","Gift Cards -Digital",,,"electronicgc",,,75,,75,0,,,,"06 Holiday",,,,,,,,,,,,"N",,,"One Size"
"ec50cnv","eGiftCard","Online","Converse.com $50 Email Gift Cert",,,,,,"Gift Cards","Gift Cards -Digital",,,"electronicgc",,,50,,50,0,,,,"06 Holiday",,,,,,,,,,,,"N",,,"One Size"
"ec40cnv","eGiftCard","Online","Converse.com $40 Email Gift Cert",,,,,,"Gift Cards","Gift Cards -Digital",,,"electronicgc",,,40,,40,0,,,,"06 Holiday",,,,,,,,,,,,"N",,,"One Size"
"ec25cnv","eGiftCard","Online","Converse.com $25 Email Gift Cert",,,,,,"Gift Cards","Gift Cards -Digital",,,"electronicgc",,,25,,25,0,,,,"06 Holiday",,,,,,,,,,,,"N",,,"One Size"
"135529C",,"Online","Design Your Own Chuck Taylor All Star","Your Choice","Low","Canvas","Unisex","CREATE","Sneakers","Converse Create Chuck Taylor?",,,"dyo","Chuck Size Chart","Runs a half-size large",70,,70,0,,,,,"Runout",,"chuTayOxCan1010",30890,,,,,,,,"N",,,
